Rk,G,Date,Age,Tm,Away?,Opp,Margin,GS,MP,FG,FGA,FG%,3P,3PA,3P%,FT,FTA,FT%,ORB,DRB,TRB,AST,STL,BLK,TOV,PF,PTS,GmSc,PM
1,1,10/25/2016,26-102,POR,,UTA,W (+9),1,35:25:00,13,20,0.65,4,6,0.667,9,9,1,1,8,9,6,0,0,4,3,39,32.3,1
2,2,10/27/2016,26-104,POR,,LAC,L (-8),1,36:11:00,11,24,0.458,2,5,0.4,5,7,0.714,1,9,10,3,0,0,4,6,29,14.9,13
3,3,10/29/2016,26-106,POR,@,DEN,W (+2),1,41:22:00,15,28,0.536,2,8,0.25,5,5,1,1,4,5,7,2,1,5,2,37,27.1,2
4,4,11/1/2016,26-109,POR,,GSW,L (-23),1,31:34:00,8,19,0.421,4,10,0.4,11,13,0.846,0,1,1,2,1,0,1,3,31,20.6,-29
5,5,11/2/2016,26-110,POR,@,PHO,L (-3),1,39:55:00,9,22,0.409,1,8,0.125,8,10,0.8,0,5,5,5,1,0,2,5,27,16.4,-4
6,6,11/4/2016,26-112,POR,@,DAL,W (+10),1,36:59:00,12,18,0.667,5,6,0.833,13,14,0.929,0,4,4,4,0,0,1,4,42,35.2,17
7,7,11/6/2016,26-114,POR,@,MEM,W (+6),1,32:54:00,3,11,0.273,2,8,0.25,11,11,1,1,6,7,7,1,0,3,3,19,16.7,3
8,8,11/8/2016,26-116,POR,,PHO,W (+3),1,37:06:00,12,23,0.522,3,8,0.375,11,12,0.917,2,3,5,3,0,0,4,4,38,25.1,9
9,9,11/9/2016,26-117,POR,@,LAC,L (-31),1,27:47:00,1,10,0.1,0,4,0,6,6,1,0,1,1,1,0,0,3,3,8,-1.8,-32
10,10,11/11/2016,26-119,POR,,SAC,W (+2),1,42:25:00,12,19,0.632,5,10,0.5,7,9,0.778,0,1,1,7,0,0,5,1,36,26.5,-1
11,11,11/13/2016,26-121,POR,,DEN,W (+7),1,33:09:00,7,18,0.389,3,7,0.429,15,15,1,2,6,8,6,4,0,1,0,32,32.6,19
12,12,11/15/2016,26-123,POR,,CHI,L (-25),1,38:26:00,7,22,0.318,1,5,0.2,4,4,1,1,4,5,4,1,0,3,1,19,8.7,-23
13,13,11/17/2016,26-125,POR,@,HOU,L (-17),1,33:50:00,7,17,0.412,1,5,0.2,3,5,0.6,1,4,5,5,0,1,3,1,18,10.8,-24
14,14,11/18/2016,26-126,POR,@,NOP,L (-12),1,35:41:00,8,24,0.333,4,11,0.364,7,7,1,2,1,3,2,1,0,3,3,27,13.3,-17
15,15,11/20/2016,26-128,POR,@,BRK,W (+20),1,28:04:00,8,14,0.571,0,5,0,2,4,0.5,0,4,4,5,1,1,2,1,18,14.6,13
16,16,11/22/2016,26-130,POR,@,NYK,L (-4),1,35:21:00,8,18,0.444,2,6,0.333,4,4,1,0,5,5,6,2,0,5,1,22,14.9,-3
17,17,11/23/2016,26-131,POR,@,CLE,L (-12),1,37:33:00,13,21,0.619,5,7,0.714,9,9,1,0,7,7,11,0,0,2,4,40,36.7,-16
18,18,11/25/2016,26-133,POR,,NOP,W (+15),1,35:55:00,9,19,0.474,3,7,0.429,6,7,0.857,0,4,4,11,0,1,1,2,27,24.7,18
19,19,11/27/2016,26-135,POR,,HOU,L (-16),1,37:58:00,7,20,0.35,2,8,0.25,11,13,0.846,1,4,5,5,1,0,7,2,27,13.6,-15
20,20,11/30/2016,26-138,POR,,IND,W (+22),1,34:57:00,11,18,0.611,1,6,0.167,5,7,0.714,0,5,5,10,4,0,1,3,28,29.3,26
21,21,12/3/2016,26-141,POR,,MIA,W (+7),1,35:14:00,6,19,0.316,2,6,0.333,5,6,0.833,0,4,4,6,1,0,2,3,19,10.9,2
22,22,12/5/2016,26-143,POR,@,CHI,W (+2),1,34:26:00,11,24,0.458,3,6,0.5,5,5,1,0,3,3,7,2,3,0,2,30,26.7,1
23,23,12/7/2016,26-145,POR,@,MIL,L (-8),1,39:04:00,8,18,0.444,5,13,0.385,9,9,1,0,7,7,6,0,0,2,1,30,24.5,4
24,24,12/8/2016,26-146,POR,@,MEM,L (-2),1,36:10:00,6,18,0.333,2,7,0.286,5,7,0.714,1,2,3,2,1,0,1,5,19,8.7,-4
25,25,12/10/2016,26-148,POR,@,IND,L (-7),1,36:45:00,10,24,0.417,5,14,0.357,8,9,0.889,1,2,3,9,0,0,2,4,33,23.8,-1
26,26,12/12/2016,26-150,POR,@,LAC,L (-1),1,37:21:00,7,17,0.412,4,7,0.571,6,6,1,0,5,5,8,1,1,2,2,24,20.9,1
27,27,12/13/2016,26-151,POR,,OKC,W (+19),1,30:02:00,7,13,0.538,1,5,0.2,2,2,1,2,0,2,9,1,0,3,1,17,16,4
28,28,12/15/2016,26-153,POR,@,DEN,L (-12),1,37:53:00,13,22,0.591,4,8,0.5,10,11,0.909,0,3,3,10,0,0,5,2,40,31.5,-11
29,29,12/17/2016,26-155,POR,@,GSW,L (-45),1,30:07:00,8,15,0.533,1,3,0.333,3,3,1,0,2,2,1,1,0,2,1,20,12.6,-29
30,30,12/20/2016,26-158,POR,@,SAC,L (-5),1,38:30:00,6,20,0.3,1,10,0.1,11,12,0.917,0,4,4,16,0,0,0,1,24,24,3
31,31,12/21/2016,26-159,POR,,DAL,L (-1),1,39:07:00,10,23,0.435,3,9,0.333,6,6,1,0,3,3,4,1,0,6,0,29,15.6,2
32,32,12/23/2016,26-161,POR,,SAS,L (-20),1,37:29:00,7,19,0.368,1,5,0.2,1,2,0.5,0,5,5,10,1,0,2,3,16,11.4,-10
33,,12/26/2016,26-164,POR,,TOR,L (-4),Inactive,Inactive,Inactive,Inactive,Inactive,Inactive,Inactive,Inactive,Inactive,Inactive,Inactive,Inactive,Inactive,Inactive,Inactive,Inactive,Inactive,Inactive,Inactive,Inactive,Inactive,Inactive
34,,12/28/2016,26-166,POR,,SAC,W (+13),Inactive,Inactive,Inactive,Inactive,Inactive,Inactive,Inactive,Inactive,Inactive,Inactive,Inactive,Inactive,Inactive,Inactive,Inactive,Inactive,Inactive,Inactive,Inactive,Inactive,Inactive,Inactive
35,,12/30/2016,26-168,POR,@,SAS,L (-16),Inactive,Inactive,Inactive,Inactive,Inactive,Inactive,Inactive,Inactive,Inactive,Inactive,Inactive,Inactive,Inactive,Inactive,Inactive,Inactive,Inactive,Inactive,Inactive,Inactive,Inactive,Inactive
36,,1/1/2017,26-170,POR,@,MIN,W (+6),Inactive,Inactive,Inactive,Inactive,Inactive,Inactive,Inactive,Inactive,Inactive,Inactive,Inactive,Inactive,Inactive,Inactive,Inactive,Inactive,Inactive,Inactive,Inactive,Inactive,Inactive,Inactive
37,,1/4/2017,26-173,POR,@,GSW,L (-8),Inactive,Inactive,Inactive,Inactive,Inactive,Inactive,Inactive,Inactive,Inactive,Inactive,Inactive,Inactive,Inactive,Inactive,Inactive,Inactive,Inactive,Inactive,Inactive,Inactive,Inactive,Inactive
38,33,1/5/2017,26-174,POR,,LAL,W (+9),1,35:56:00,7,14,0.5,4,10,0.4,3,4,0.75,0,5,5,10,0,0,2,3,21,18.9,28
39,34,1/8/2017,26-177,POR,,DET,L (-1),1,43:28:00,7,16,0.438,3,9,0.333,3,4,0.75,0,9,9,5,0,0,5,0,20,12.4,4
40,35,1/10/2017,26-179,POR,@,LAL,W (+21),1,31:16:00,7,21,0.333,1,6,0.167,5,6,0.833,3,5,8,6,0,1,2,3,20,13,14
41,36,1/11/2017,26-180,POR,,CLE,W (+16),1,31:32:00,5,15,0.333,1,4,0.25,3,3,1,0,3,3,3,0,0,1,1,14,7.1,12
42,37,1/13/2017,26-182,POR,,ORL,L (-6),1,37:10:00,12,26,0.462,2,11,0.182,8,9,0.889,1,7,8,3,0,0,2,1,34,22.7,-12
43,38,1/16/2017,26-185,POR,@,WAS,L (-19),1,28:20:00,6,17,0.353,4,8,0.5,6,6,1,2,5,7,4,0,1,2,1,22,16.5,-15
44,39,1/18/2017,26-187,POR,@,CHO,L (-22),1,35:01:00,7,18,0.389,2,6,0.333,5,5,1,1,6,7,6,1,1,3,0,21,16.6,-8
45,40,1/20/2017,26-189,POR,@,PHI,L (-1),1,36:04:00,12,25,0.48,2,7,0.286,4,5,0.8,2,3,5,1,1,0,5,2,30,15.1,-12
46,41,1/21/2017,26-190,POR,@,BOS,W (+4),1,37:19:00,9,21,0.429,2,7,0.286,8,8,1,0,1,1,7,0,1,3,3,28,18.6,19
47,42,1/25/2017,26-194,POR,,LAL,W (+7),1,35:14:00,8,20,0.4,1,5,0.2,7,7,1,0,4,4,2,1,0,1,1,24,15.4,16
48,43,1/27/2017,26-196,POR,,MEM,W (+3),1,39:30:00,9,21,0.429,5,11,0.455,10,11,0.909,1,4,5,6,0,0,4,1,33,23.2,0
49,44,1/29/2017,26-198,POR,,GSW,L (-2),1,36:02:00,6,14,0.429,2,5,0.4,5,5,1,0,2,2,8,1,0,3,1,19,15.4,-2
50,45,1/31/2017,26-200,POR,,CHO,W (+17),1,30:50:00,10,18,0.556,2,5,0.4,5,5,1,0,4,4,4,1,0,1,3,27,21.2,15
51,46,2/3/2017,26-203,POR,,DAL,L (-4),1,37:58:00,4,20,0.2,1,8,0.125,4,5,0.8,2,7,9,6,0,1,2,3,13,5.4,-1
52,47,2/5/2017,26-205,POR,@,OKC,L (-6),1,36:27:00,9,22,0.409,4,9,0.444,7,7,1,0,7,7,3,1,2,1,3,29,21.6,-5
53,48,2/7/2017,26-207,POR,@,DAL,W (+1),1,39:35:00,12,22,0.545,5,9,0.556,0,0,,1,4,5,6,2,0,2,5,29,22.5,6
54,49,2/9/2017,26-209,POR,,BOS,L (-9),1,39:50:00,8,20,0.4,2,7,0.286,10,11,0.909,2,4,6,7,0,0,3,4,28,19.7,-5
55,50,2/13/2017,26-213,POR,,ATL,L (-5),1,41:17:00,6,21,0.286,3,9,0.333,6,6,1,1,5,6,4,1,0,3,2,21,10.9,-20
56,51,2/15/2017,26-215,POR,@,UTA,L (-23),1,34:36:00,3,19,0.158,1,4,0.25,6,8,0.75,2,4,6,7,0,0,1,1,13,6.2,-17
57,52,2/23/2017,26-223,POR,@,ORL,W (+9),1,32:22:00,12,23,0.522,4,7,0.571,5,6,0.833,0,5,5,2,0,0,2,3,33,21,26
58,53,2/26/2017,26-226,POR,@,TOR,L (-6),1,36:26:00,10,20,0.5,4,7,0.571,4,5,0.8,0,6,6,8,2,0,4,2,28,22.2,-3
59,54,2/28/2017,26-228,POR,@,DET,L (-7),1,40:39:00,13,25,0.52,3,8,0.375,5,6,0.833,1,10,11,9,1,0,4,2,34,27.5,3
60,55,3/2/2017,26-230,POR,,OKC,W (+5),1,37:48:00,11,23,0.478,3,9,0.333,8,9,0.889,1,3,4,5,1,0,2,1,33,24.6,5
61,56,3/4/2017,26-232,POR,,BRK,W (+14),1,35:57:00,7,16,0.438,2,6,0.333,3,4,0.75,0,5,5,11,0,1,4,2,19,15.3,5
62,57,3/7/2017,26-235,POR,@,OKC,W (+5),1,36:18:00,8,17,0.471,2,6,0.333,4,5,0.8,1,2,3,8,1,0,1,0,22,19.8,-4
63,58,3/9/2017,26-237,POR,,PHI,W (+6),1,40:43:00,6,21,0.286,0,6,0,12,12,1,0,4,4,4,0,2,3,0,24,14.1,10
64,59,3/11/2017,26-239,POR,,WAS,L (-1),1,35:36:00,13,27,0.481,4,11,0.364,3,4,0.75,0,3,3,7,0,0,6,5,33,16.7,-13
65,60,3/12/2017,26-240,POR,@,PHO,W (+9),1,37:54:00,13,26,0.5,4,10,0.4,9,9,1,1,5,6,2,1,0,4,3,39,25.4,16
66,61,3/14/2017,26-242,POR,@,NOP,L (-23),1,31:06:00,8,18,0.444,4,7,0.571,9,9,1,1,3,4,2,0,0,4,1,29,18.2,-26
67,62,3/15/2017,26-243,POR,@,SAS,W (+4),1,34:07:00,12,22,0.545,3,8,0.375,9,9,1,1,2,3,4,2,0,2,0,36,29.5,2
68,63,3/18/2017,26-246,POR,@,ATL,W (+16),1,33:53:00,9,17,0.529,3,5,0.6,6,6,1,0,5,5,5,2,0,4,2,27,20.9,27
69,64,3/19/2017,26-247,POR,@,MIA,W (+11),1,36:26:00,14,21,0.667,9,12,0.75,12,12,1,0,1,1,5,0,1,3,1,49,41,14
70,65,3/21/2017,26-249,POR,,MIL,L (-3),1,39:44:00,13,26,0.5,2,9,0.222,3,6,0.5,1,4,5,7,4,0,1,0,31,26.6,6
71,66,3/23/2017,26-251,POR,,NYK,W (+15),1,30:43:00,9,17,0.529,4,7,0.571,8,8,1,0,4,4,5,2,0,2,1,30,26,15
72,67,3/25/2017,26-253,POR,,MIN,W (+12),1,29:02:00,8,13,0.615,3,6,0.5,2,3,0.667,0,6,6,8,2,0,3,0,21,21.1,15
73,68,3/26/2017,26-254,POR,@,LAL,W (+16),1,30:27:00,7,20,0.35,4,10,0.4,4,7,0.571,1,6,7,5,3,0,1,3,22,16.4,21
74,69,3/28/2017,26-256,POR,,DEN,W (+9),1,38:16:00,7,19,0.368,4,11,0.364,1,4,0.25,2,4,6,7,3,0,3,1,19,14.4,9
75,70,3/30/2017,26-258,POR,,HOU,W (+10),1,37:48:00,10,18,0.556,4,9,0.444,7,7,1,0,4,4,11,2,0,3,1,31,29.9,12
76,71,4/1/2017,26-260,POR,,PHO,W (+13),1,34:38:00,7,16,0.438,4,11,0.364,13,13,1,1,4,5,7,1,0,4,3,31,25.2,9
77,72,4/3/2017,26-262,POR,@,MIN,L (-1),1,39:07:00,7,21,0.333,3,11,0.273,8,9,0.889,0,4,4,6,2,0,0,2,25,19.3,-1
78,73,4/4/2017,26-263,POR,@,UTA,L (-19),1,34:04:00,5,20,0.25,2,7,0.286,4,5,0.8,0,2,2,3,0,0,0,2,16,5.5,-23
79,74,4/6/2017,26-265,POR,,MIN,W (+7),1,36:35:00,7,21,0.333,1,9,0.111,7,7,1,0,9,9,8,1,0,4,2,22,14.6,-1
80,75,4/8/2017,26-267,POR,,UTA,W (+15),1,41:49:00,18,34,0.529,9,14,0.643,14,16,0.875,0,6,6,5,1,1,0,0,59,48.6,19
81,,4/10/2017,26-269,POR,,SAS,W (+1),Did Not Play,Did Not Play,Did Not Play,Did Not Play,Did Not Play,Did Not Play,Did Not Play,Did Not Play,Did Not Play,Did Not Play,Did Not Play,Did Not Play,Did Not Play,Did Not Play,Did Not Play,Did Not Play,Did Not Play,Did Not Play,Did Not Play,Did Not Play,Did Not Play,Did Not Play
82,,4/12/2017,26-271,POR,,NOP,L (-3),Did Not Play,Did Not Play,Did Not Play,Did Not Play,Did Not Play,Did Not Play,Did Not Play,Did Not Play,Did Not Play,Did Not Play,Did Not Play,Did Not Play,Did Not Play,Did Not Play,Did Not Play,Did Not Play,Did Not Play,Did Not Play,Did Not Play,Did Not Play,Did Not Play,Did Not Play
1,1,10/18/2017,27-095,POR,@,PHO,W (+48),1,29:39:00,10,20,0.5,4,6,0.667,3,3,1,3,2,5,5,1,3,0,1,27,25.9,34
2,2,10/20/2017,27-097,POR,@,IND,W (+18),1,32:59:00,7,17,0.412,0,3,0,4,4,1,0,7,7,7,1,1,0,2,18,16.8,25
3,3,10/21/2017,27-098,POR,@,MIL,L (-3),1,34:27:00,6,15,0.4,3,6,0.5,11,12,0.917,2,3,5,4,4,0,6,5,26,18.6,-5
4,4,10/24/2017,27-101,POR,,NOP,W (+10),1,35:19:00,3,16,0.188,1,8,0.125,6,9,0.667,1,4,5,7,1,0,6,0,13,3.6,3
5,5,10/26/2017,27-103,POR,,LAC,L (-1),1,38:20:00,7,19,0.368,4,9,0.444,7,7,1,0,2,2,6,0,0,1,3,25,17.1,1
6,6,10/28/2017,27-105,POR,,PHO,W (+7),1,35:40:00,7,21,0.333,3,8,0.375,8,9,0.889,3,4,7,9,1,0,2,2,25,20.5,2
7,7,10/30/2017,27-107,POR,,TOR,L (-14),1,40:36:00,12,23,0.522,3,8,0.375,9,10,0.9,1,1,2,2,2,1,6,0,36,23.4,-7
8,8,11/1/2017,27-109,POR,@,UTA,L (-9),1,43:09:00,12,27,0.444,4,15,0.267,5,5,1,2,8,10,8,2,1,5,3,33,24.8,1
9,9,11/2/2017,27-110,POR,,LAL,W (+3),1,38:43:00,8,18,0.444,2,6,0.333,14,14,1,2,4,6,5,0,0,2,2,32,25.9,6
10,10,11/5/2017,27-113,POR,,OKC,W (+4),1,37:04:00,10,18,0.556,1,5,0.2,15,15,1,1,4,5,13,0,1,2,2,36,36.3,14
11,11,11/7/2017,27-115,POR,,MEM,L (-1),1,34:29:00,4,16,0.25,0,5,0,4,4,1,1,4,5,6,1,0,5,2,12,3.7,-10
12,12,11/10/2017,27-118,POR,,BRK,L (-4),1,35:52:00,7,16,0.438,1,5,0.2,4,5,0.8,2,7,9,6,0,0,2,1,19,15.5,-12
13,13,11/13/2017,27-121,POR,,DEN,W (+17),1,33:49:00,4,14,0.286,2,8,0.25,5,5,1,1,4,5,7,4,0,4,1,15,13.2,3
14,14,11/15/2017,27-123,POR,,ORL,W (+5),1,37:22:00,9,21,0.429,5,10,0.5,3,4,0.75,1,10,11,7,0,0,2,1,26,20.7,8
15,15,11/17/2017,27-125,POR,@,SAC,L (-4),1,36:51:00,9,24,0.375,5,14,0.357,6,6,1,0,1,1,4,1,1,1,0,29,19.6,8
16,16,11/18/2017,27-126,POR,,SAC,W (+12),1,33:57:00,8,18,0.444,1,7,0.143,5,6,0.833,1,1,2,6,1,1,2,1,22,16.7,20
17,17,11/20/2017,27-128,POR,@,MEM,W (+8),1,33:50:00,5,15,0.333,1,4,0.25,10,10,1,0,3,3,4,0,0,2,1,21,13.8,-1
18,18,11/22/2017,27-130,POR,@,PHI,L (-20),1,36:58:00,11,27,0.407,6,13,0.462,2,3,0.667,0,3,3,2,1,1,3,0,30,16.1,-15
19,19,11/24/2017,27-132,POR,@,BRK,W (+2),1,36:33:00,10,19,0.526,4,6,0.667,10,11,0.909,1,3,4,9,1,1,3,3,34,29.7,3
20,20,11/25/2017,27-133,POR,@,WAS,W (+3),1,40:43:00,9,17,0.529,2,8,0.25,9,10,0.9,0,6,6,6,0,1,5,2,29,21.2,15
21,21,11/27/2017,27-135,POR,@,NYK,W (+12),1,37:54:00,10,20,0.5,1,6,0.167,11,11,1,0,1,1,5,1,0,3,0,32,23.8,14
22,22,11/30/2017,27-138,POR,,MIL,L (-12),1,39:39:00,7,16,0.438,2,7,0.286,2,3,0.667,2,5,7,7,0,0,5,1,18,11.6,-12
23,23,12/2/2017,27-140,POR,,NOP,L (-7),1,40:06:00,11,25,0.44,4,11,0.364,3,3,1,1,4,5,8,1,0,1,1,29,23,-7
24,24,12/5/2017,27-143,POR,,WAS,L (-14),1,42:52:00,10,23,0.435,3,9,0.333,7,7,1,1,7,8,9,0,0,4,2,30,22.2,-5
25,25,12/9/2017,27-147,POR,,HOU,L (-7),1,37:54:00,11,23,0.478,9,16,0.563,4,4,1,0,4,4,6,1,0,5,3,35,23.5,-2
26,26,12/11/2017,27-149,POR,@,GSW,L (-7),1,41:56:00,12,28,0.429,5,13,0.385,10,11,0.909,0,4,4,2,2,0,0,5,39,26.4,-2
27,27,12/13/2017,27-151,POR,@,MIA,W (+7),1,36:55:00,5,14,0.357,1,6,0.167,7,7,1,0,3,3,6,0,0,1,1,18,13.9,2
28,28,12/15/2017,27-153,POR,@,ORL,W (+7),1,35:48:00,7,16,0.438,3,6,0.5,4,4,1,1,1,2,4,2,1,4,3,21,13.9,-9
29,29,12/16/2017,27-154,POR,@,CHO,W (+2),1,37:58:00,7,19,0.368,3,9,0.333,1,2,0.5,1,6,7,11,1,0,6,0,18,12.3,2
30,30,12/18/2017,27-156,POR,@,MIN,L (-1),1,37:20:00,7,18,0.389,2,7,0.286,1,1,1,0,8,8,13,0,1,6,2,17,12.6,-3
31,31,12/20/2017,27-158,POR,,SAS,L (-2),1,34:27:00,6,17,0.353,2,6,0.333,3,3,1,0,4,4,3,2,0,2,3,17,9.6,2
32,,12/22/2017,27-160,POR,,DEN,L (-17),Inactive,Inactive,Inactive,Inactive,Inactive,Inactive,Inactive,Inactive,Inactive,Inactive,Inactive,Inactive,Inactive,Inactive,Inactive,Inactive,Inactive,Inactive,Inactive,Inactive,Inactive,Inactive
33,,12/23/2017,27-161,POR,@,LAL,W (+3),Inactive,Inactive,Inactive,Inactive,Inactive,Inactive,Inactive,Inactive,Inactive,Inactive,Inactive,Inactive,Inactive,Inactive,Inactive,Inactive,Inactive,Inactive,Inactive,Inactive,Inactive,Inactive
34,,12/28/2017,27-166,POR,,PHI,W (+4),Did Not Play,Did Not Play,Did Not Play,Did Not Play,Did Not Play,Did Not Play,Did Not Play,Did Not Play,Did Not Play,Did Not Play,Did Not Play,Did Not Play,Did Not Play,Did Not Play,Did Not Play,Did Not Play,Did Not Play,Did Not Play,Did Not Play,Did Not Play,Did Not Play,Did Not Play
35,,12/30/2017,27-168,POR,@,ATL,L (-15),Did Not Dress,Did Not Dress,Did Not Dress,Did Not Dress,Did Not Dress,Did Not Dress,Did Not Dress,Did Not Dress,Did Not Dress,Did Not Dress,Did Not Dress,Did Not Dress,Did Not Dress,Did Not Dress,Did Not Dress,Did Not Dress,Did Not Dress,Did Not Dress,Did Not Dress,Did Not Dress,Did Not Dress,Did Not Dress
36,,1/1/2018,27-170,POR,@,CHI,W (+4),Inactive,Inactive,Inactive,Inactive,Inactive,Inactive,Inactive,Inactive,Inactive,Inactive,Inactive,Inactive,Inactive,Inactive,Inactive,Inactive,Inactive,Inactive,Inactive,Inactive,Inactive,Inactive
37,32,1/2/2018,27-171,POR,@,CLE,L (-17),1,32:50:00,8,15,0.533,6,9,0.667,3,4,0.75,0,0,0,6,1,0,7,2,25,14.7,-9
38,33,1/5/2018,27-174,POR,,ATL,W (+21),1,28:56:00,6,15,0.4,2,6,0.333,0,0,,0,4,4,6,2,1,4,2,14,9.2,16
39,,1/7/2018,27-176,POR,,SAS,W (+1),Inactive,Inactive,Inactive,Inactive,Inactive,Inactive,Inactive,Inactive,Inactive,Inactive,Inactive,Inactive,Inactive,Inactive,Inactive,Inactive,Inactive,Inactive,Inactive,Inactive,Inactive,Inactive
40,,1/9/2018,27-178,POR,@,OKC,W (+11),Inactive,Inactive,Inactive,Inactive,Inactive,Inactive,Inactive,Inactive,Inactive,Inactive,Inactive,Inactive,Inactive,Inactive,Inactive,Inactive,Inactive,Inactive,Inactive,Inactive,Inactive,Inactive
41,34,1/10/2018,27-179,POR,@,HOU,L (-9),1,31:50:00,9,16,0.563,1,6,0.167,10,12,0.833,0,5,5,8,2,0,2,2,29,26.9,-4
42,35,1/12/2018,27-181,POR,@,NOP,L (-6),1,38:03:00,9,22,0.409,2,11,0.182,3,4,0.75,1,1,2,8,3,0,2,3,23,17.2,5
43,36,1/14/2018,27-183,POR,@,MIN,L (-17),1,34:52:00,7,14,0.5,2,6,0.333,5,6,0.833,0,6,6,8,1,0,6,3,21,14.8,-23
44,37,1/16/2018,27-185,POR,,PHO,W (+7),1,36:01:00,11,19,0.579,4,8,0.5,5,5,1,0,5,5,7,1,0,1,1,31,28.1,11
45,38,1/18/2018,27-187,POR,,IND,W (+14),1,39:54:00,8,21,0.381,2,8,0.25,8,8,1,1,4,5,8,0,1,3,0,26,19.7,10
46,39,1/20/2018,27-189,POR,,DAL,W (+9),1,38:00:00,10,15,0.667,7,9,0.778,4,4,1,0,5,5,9,0,0,4,2,31,27.5,13
47,40,1/22/2018,27-191,POR,@,DEN,L (-3),1,38:07:00,10,18,0.556,4,8,0.5,1,2,0.5,0,2,2,8,0,0,3,2,25,18.4,-8
48,41,1/24/2018,27-193,POR,,MIN,W (+9),1,32:13:00,9,17,0.529,6,11,0.545,7,7,1,1,3,4,6,0,0,0,2,31,27.7,11
49,42,1/26/2018,27-195,POR,@,DAL,W (+14),1,35:48:00,9,18,0.5,3,8,0.375,8,11,0.727,0,3,3,3,0,0,4,2,29,17,14
50,43,1/30/2018,27-199,POR,@,LAC,W (+8),1,35:53:00,6,14,0.429,5,10,0.5,11,11,1,0,4,4,7,3,1,2,1,28,28,11
51,44,1/31/2018,27-200,POR,,CHI,W (+16),1,29:47:00,5,9,0.556,1,5,0.2,2,2,1,1,3,4,7,0,1,2,2,13,13.1,23
52,45,2/2/2018,27-202,POR,@,TOR,L (-25),1,36:36:00,11,18,0.611,3,7,0.429,7,8,0.875,0,3,3,10,0,1,2,1,32,29.6,-17
53,46,2/4/2018,27-204,POR,@,BOS,L (-1),1,37:09:00,6,19,0.316,2,9,0.222,7,8,0.875,1,5,6,9,0,1,2,0,21,16.9,0
54,47,2/5/2018,27-205,POR,@,DET,L (-20),1,37:57:00,8,17,0.471,1,5,0.2,3,3,1,1,4,5,5,2,1,5,2,20,13.6,-12
55,48,2/8/2018,27-208,POR,,CHO,W (+6),1,41:44:00,6,22,0.273,3,11,0.273,3,3,1,0,4,4,8,1,0,4,2,18,8,4
56,49,2/9/2018,27-209,POR,@,SAC,W (+18),1,29:29:00,16,26,0.615,8,13,0.615,10,10,1,0,1,1,6,3,0,2,2,50,42.9,18
57,50,2/11/2018,27-211,POR,,UTA,L (-19),1,38:38:00,12,25,0.48,2,8,0.25,13,13,1,1,2,3,1,0,1,2,2,39,26.2,-10
58,51,2/14/2018,27-214,POR,,GSW,W (+6),1,39:33:00,14,25,0.56,4,11,0.364,12,12,1,0,3,3,8,2,0,4,3,44,35.4,17
59,52,2/23/2018,27-223,POR,@,UTA,W (+19),1,36:30:00,7,18,0.389,2,7,0.286,8,8,1,0,4,4,3,1,0,4,0,24,14.5,15
60,53,2/24/2018,27-224,POR,@,PHO,W (+2),1,38:48:00,13,27,0.481,3,11,0.273,11,15,0.733,2,8,10,5,1,0,4,2,40,28.2,6
61,54,2/27/2018,27-227,POR,,SAC,W (+17),1,33:46:00,11,19,0.579,4,8,0.5,0,0,,0,1,1,12,2,0,4,1,26,23.4,14
62,55,3/1/2018,27-229,POR,,MIN,W (+9),1,38:02:00,9,22,0.409,4,12,0.333,13,16,0.813,3,4,7,4,1,0,1,1,35,27.7,8
63,56,3/3/2018,27-231,POR,,OKC,W (+8),1,36:53:00,5,18,0.278,2,8,0.25,8,9,0.889,0,1,1,7,1,1,3,2,20,12.1,-1
64,57,3/5/2018,27-233,POR,@,LAL,W (+5),1,38:57:00,12,25,0.48,6,11,0.545,9,12,0.75,1,4,5,6,0,0,4,2,39,26.4,6
65,58,3/6/2018,27-234,POR,,NYK,W (+24),1,31:30:00,10,18,0.556,8,11,0.727,9,11,0.818,1,1,2,1,2,0,2,1,37,28.9,14
66,59,3/9/2018,27-237,POR,,GSW,W (+17),1,37:23:00,8,21,0.381,4,10,0.4,8,8,1,1,3,4,8,0,0,3,2,28,19.9,11
67,60,3/12/2018,27-240,POR,,MIA,W (+16),1,37:05:00,8,19,0.421,7,14,0.5,9,10,0.9,1,4,5,10,0,0,3,0,32,27.4,25
68,61,3/15/2018,27-243,POR,,CLE,W (+8),1,36:17:00,7,20,0.35,1,8,0.125,9,9,1,0,3,3,9,1,0,2,0,24,19,-1
69,62,3/17/2018,27-245,POR,,DET,W (+13),1,37:20:00,6,19,0.316,3,10,0.3,9,9,1,3,4,7,8,1,3,1,1,24,23.7,23
70,63,3/18/2018,27-246,POR,@,LAC,W (+13),1,31:12:00,6,13,0.462,2,6,0.333,9,9,1,0,0,0,2,1,0,1,0,23,17.7,23
71,64,3/20/2018,27-248,POR,,HOU,L (-4),1,36:03:00,5,17,0.294,0,7,0,10,10,1,0,4,4,6,1,0,1,3,20,14.3,6
72,65,3/23/2018,27-251,POR,,BOS,L (-5),1,38:32:00,9,22,0.409,4,11,0.364,4,4,1,2,1,3,8,0,0,2,2,26,18.7,1
73,66,3/25/2018,27-253,POR,@,OKC,W (+3),1,38:26:00,6,19,0.316,1,7,0.143,11,11,1,5,2,7,5,3,0,2,1,24,21.3,16
74,67,3/27/2018,27-255,POR,@,NOP,W (+4),1,42:24:00,18,33,0.545,3,9,0.333,2,2,1,2,7,9,6,4,0,0,3,41,35.6,8
75,,3/28/2018,27-256,POR,@,MEM,L (-5),Inactive,Inactive,Inactive,Inactive,Inactive,Inactive,Inactive,Inactive,Inactive,Inactive,Inactive,Inactive,Inactive,Inactive,Inactive,Inactive,Inactive,Inactive,Inactive,Inactive,Inactive,Inactive
76,68,3/30/2018,27-258,POR,,LAC,W (+9),1,38:10:00,5,16,0.313,2,10,0.2,5,6,0.833,1,6,7,11,0,0,2,2,17,14.8,9
77,69,4/1/2018,27-260,POR,,MEM,W (+15),1,32:36:00,7,15,0.467,2,8,0.25,11,11,1,1,2,3,9,2,0,0,0,27,28.9,37
78,70,4/3/2018,27-262,POR,@,DAL,L (-6),1,35:18:00,6,20,0.3,2,10,0.2,15,15,1,1,4,5,8,2,1,0,2,29,26.8,-4
79,,4/5/2018,27-264,POR,@,HOU,L (-2),Inactive,Inactive,Inactive,Inactive,Inactive,Inactive,Inactive,Inactive,Inactive,Inactive,Inactive,Inactive,Inactive,Inactive,Inactive,Inactive,Inactive,Inactive,Inactive,Inactive,Inactive,Inactive
80,71,4/7/2018,27-266,POR,@,SAS,L (-11),1,35:04:00,11,22,0.5,6,12,0.5,5,5,1,2,1,3,5,0,0,7,0,33,20.2,-18
81,72,4/9/2018,27-268,POR,@,DEN,L (-6),1,40:20:00,8,22,0.364,2,10,0.2,7,11,0.636,1,3,4,3,1,0,3,3,25,11.7,-9
82,73,4/11/2018,27-270,POR,,UTA,W (+9),1,36:51:00,13,25,0.52,4,10,0.4,6,6,1,0,1,1,10,1,0,0,0,36,32,10
1,1,10/18/2018,28-095,POR,,LAL,W (+9),1,35:24:00,9,21,0.429,2,7,0.286,8,8,1,1,5,6,4,1,1,3,0,28,20.6,-8
2,2,10/20/2018,28-097,POR,,SAS,W (+13),1,30:16:00,9,15,0.6,3,6,0.5,8,8,1,0,2,2,9,0,0,0,0,29,29,18
3,3,10/22/2018,28-099,POR,,WAS,L (-1),1,40:32:00,7,21,0.333,2,10,0.2,13,15,0.867,0,8,8,8,1,0,5,1,29,19.9,1
4,4,10/25/2018,28-102,POR,@,ORL,W (+14),1,36:09:00,13,23,0.565,5,10,0.5,10,12,0.833,2,5,7,6,1,0,1,0,41,36.4,15
5,5,10/27/2018,28-104,POR,@,MIA,L (-9),1,36:52:00,15,28,0.536,5,11,0.455,7,7,1,2,5,7,6,0,0,1,3,42,33.3,-1
6,6,10/29/2018,28-106,POR,@,IND,W (+10),1,32:49:00,5,13,0.385,2,7,0.286,4,4,1,0,1,1,2,0,1,3,4,16,6.7,-13
7,7,10/30/2018,28-107,POR,@,HOU,W (+19),1,27:36:00,8,10,0.8,1,2,0.5,5,5,1,0,3,3,7,1,0,3,2,22,21.2,20
8,8,11/1/2018,28-109,POR,,NOP,W (+13),1,30:59:00,7,16,0.438,4,7,0.571,8,8,1,2,5,7,6,1,0,4,3,26,20.5,12
9,9,11/3/2018,28-111,POR,,LAL,L (-4),1,35:48:00,10,23,0.435,2,9,0.222,8,8,1,1,3,4,4,3,0,0,1,30,24.9,16
10,10,11/4/2018,28-112,POR,,MIN,W (+30),1,28:01:00,6,16,0.375,1,4,0.25,5,6,0.833,0,5,5,5,1,0,0,0,18,14.8,19
11,11,11/6/2018,28-114,POR,,MIL,W (+15),1,36:06:00,5,15,0.333,3,7,0.429,0,0,,1,5,6,3,0,1,2,2,13,6.7,12
12,12,11/8/2018,28-116,POR,,LAC,W (+11),1,34:57:00,11,25,0.44,3,7,0.429,0,0,,1,3,4,4,1,1,2,1,25,15.6,5
13,13,11/11/2018,28-119,POR,,BOS,W (+6),1,35:15:00,7,15,0.467,2,7,0.286,3,3,1,0,5,5,12,0,0,4,1,19,16.8,15
14,14,11/14/2018,28-122,POR,@,LAL,L (-9),1,37:31:00,8,23,0.348,3,9,0.333,12,13,0.923,1,7,8,11,0,1,2,2,31,26.1,-7
15,15,11/16/2018,28-124,POR,@,MIN,L (-16),1,36:35:00,5,18,0.278,1,7,0.143,5,6,0.833,2,4,6,5,0,0,5,2,16,5.3,-21
16,16,11/18/2018,28-126,POR,@,WAS,W (+10),1,38:03:00,12,29,0.414,3,10,0.3,13,15,0.867,2,4,6,5,1,0,1,2,40,29,17
17,17,11/20/2018,28-128,POR,@,NYK,W (+4),1,36:12:00,9,22,0.409,3,9,0.333,8,10,0.8,1,5,6,8,2,0,4,2,29,21.4,8
18,18,11/21/2018,28-129,POR,@,MIL,L (-43),1,30:47:00,5,12,0.417,1,6,0.167,11,13,0.846,0,4,4,5,0,2,4,2,22,16.1,-25
19,19,11/23/2018,28-131,POR,@,GSW,L (-28),1,34:45:00,9,24,0.375,3,7,0.429,2,3,0.667,0,2,2,8,2,1,2,1,23,15.9,-19
20,20,11/25/2018,28-133,POR,,LAC,L (-4),1,41:01:00,12,27,0.444,3,13,0.231,3,4,0.75,1,5,6,4,0,0,3,3,30,16.3,-13
21,21,11/28/2018,28-136,POR,,ORL,W (+3),1,37:22:00,13,22,0.591,10,15,0.667,5,7,0.714,0,8,8,4,2,1,3,2,41,34.1,15
22,22,11/30/2018,28-138,POR,,DEN,L (-1),1,39:44:00,6,16,0.375,3,8,0.375,0,0,,0,1,1,8,0,0,1,1,15,10.7,-4
23,23,12/2/2018,28-140,POR,@,SAS,L (-13),1,41:23:00,12,28,0.429,3,11,0.273,10,10,1,0,2,2,10,2,0,1,2,37,30,-7
24,24,12/4/2018,28-142,POR,@,DAL,L (-9),1,37:32:00,10,23,0.435,2,8,0.25,11,12,0.917,2,6,8,8,1,2,6,5,33,23.7,-12
25,25,12/6/2018,28-144,POR,,PHO,W (+22),1,27:42:00,8,14,0.571,3,5,0.6,6,7,0.857,1,4,5,8,1,1,4,1,25,22.8,31
26,26,12/8/2018,28-146,POR,,MIN,W (+8),1,36:11:00,8,16,0.5,4,9,0.444,8,9,0.889,1,7,8,6,1,0,3,1,28,24.2,15
27,27,12/11/2018,28-149,POR,@,HOU,L (-7),1,38:36:00,12,25,0.48,4,7,0.571,6,7,0.857,1,1,2,2,0,0,3,3,34,19.1,7
28,28,12/12/2018,28-150,POR,@,MEM,L (-9),1,38:07:00,4,18,0.222,1,5,0.2,5,7,0.714,1,6,7,3,2,0,4,2,14,4,-4
29,29,12/14/2018,28-152,POR,,TOR,W (+6),1,29:29:00,8,10,0.8,3,3,1,5,5,1,0,2,2,4,1,1,1,2,24,23.5,-4
30,30,12/17/2018,28-155,POR,@,LAC,W (+4),1,35:30:00,11,20,0.55,6,7,0.857,11,13,0.846,0,3,3,6,2,0,2,4,39,32.1,15
31,31,12/19/2018,28-157,POR,,MEM,W (+7),1,33:22:00,9,18,0.5,5,8,0.625,1,1,1,0,5,5,4,2,2,4,1,24,18.3,-11
32,32,12/21/2018,28-159,POR,,UTA,L (-30),1,34:02:00,7,16,0.438,4,8,0.5,1,2,0.5,3,1,4,2,3,2,4,0,19,14.4,-10
33,33,12/23/2018,28-161,POR,,DAL,W (+3),1,39:25:00,11,24,0.458,2,7,0.286,9,9,1,0,2,2,7,0,1,2,3,33,23.6,0
34,34,12/25/2018,28-163,POR,@,UTA,L (-21),1,34:18:00,9,21,0.429,2,5,0.4,0,0,,2,3,5,4,0,1,1,3,20,12.5,-13
35,35,12/27/2018,28-165,POR,@,GSW,W (+1),1,41:19:00,7,20,0.35,3,8,0.375,4,4,1,0,1,1,5,1,0,1,2,21,12.8,-1
36,36,12/29/2018,28-167,POR,,GSW,L (-10),1,38:43:00,14,23,0.609,6,13,0.462,6,7,0.857,1,1,2,5,1,0,3,5,40,29.6,3
37,37,12/30/2018,28-168,POR,,PHI,W (+34),1,27:11:00,6,10,0.6,3,6,0.5,0,0,,0,7,7,5,0,0,7,0,15,9,28
38,38,1/1/2019,28-170,POR,@,SAC,W (+5),1,41:54:00,8,21,0.381,1,9,0.111,8,8,1,1,5,6,6,1,0,5,0,25,15.9,10
39,39,1/4/2019,28-173,POR,,OKC,L (-2),1,35:39:00,7,19,0.368,1,8,0.125,8,9,0.889,0,0,0,8,2,0,4,4,23,14.1,-7
40,40,1/5/2019,28-174,POR,,HOU,W (+9),1,36:12:00,5,15,0.333,2,5,0.4,5,6,0.833,1,4,5,12,2,0,4,1,17,16,13
41,41,1/7/2019,28-176,POR,,NYK,W (+10),1,32:18:00,5,14,0.357,2,6,0.333,5,5,1,1,3,4,9,1,0,4,1,17,13.7,10
42,42,1/9/2019,28-178,POR,,CHI,W (+12),1,33:23:00,4,12,0.333,2,5,0.4,6,6,1,0,1,1,10,1,0,2,0,16,15.5,7
43,43,1/11/2019,28-180,POR,,CHO,W (+31),1,28:44:00,8,16,0.5,2,7,0.286,2,2,1,2,2,4,5,3,4,2,2,20,20.5,26
44,44,1/13/2019,28-182,POR,@,DEN,L (-3),1,38:00:00,8,21,0.381,2,10,0.2,8,8,1,1,3,4,7,0,0,2,1,26,18.6,-7
45,45,1/14/2019,28-183,POR,@,SAC,L (-8),1,36:54:00,11,27,0.407,4,12,0.333,9,9,1,1,2,3,5,1,0,6,1,35,19.9,6
46,46,1/16/2019,28-185,POR,,CLE,W (+17),1,32:00:00,11,19,0.579,4,6,0.667,7,7,1,0,2,2,6,0,0,0,2,33,28.1,23
47,47,1/18/2019,28-187,POR,,NOP,W (+16),1,36:35:00,8,20,0.4,2,9,0.222,6,8,0.75,3,2,5,8,1,0,2,0,24,19.7,16
48,48,1/21/2019,28-190,POR,@,UTA,W (+5),1,36:26:00,10,20,0.5,1,5,0.2,5,6,0.833,1,7,8,8,0,0,2,2,26,21.2,9
49,49,1/22/2019,28-191,POR,@,OKC,L (-9),1,40:24:00,12,24,0.5,2,10,0.2,8,8,1,1,4,5,8,5,0,5,4,34,27.9,3
50,50,1/24/2019,28-193,POR,@,PHO,W (+14),1,29:31:00,7,16,0.438,1,3,0.333,9,9,1,0,3,3,3,2,2,2,2,24,19.2,17
51,,1/26/2019,28-195,POR,,ATL,W (+9),Inactive,Inactive,Inactive,Inactive,Inactive,Inactive,Inactive,Inactive,Inactive,Inactive,Inactive,Inactive,Inactive,Inactive,Inactive,Inactive,Inactive,Inactive,Inactive,Inactive,Inactive,Inactive
52,51,1/30/2019,28-199,POR,,UTA,W (+27),1,37:02:00,12,21,0.571,3,7,0.429,9,9,1,0,8,8,11,2,0,3,2,36,34.4,29
53,52,2/5/2019,28-205,POR,,MIA,L (-10),1,35:10:00,5,15,0.333,2,10,0.2,1,2,0.5,0,3,3,10,1,0,4,3,13,7.8,-16
54,53,2/7/2019,28-207,POR,,SAS,W (+9),1,36:01:00,10,20,0.5,0,7,0,4,4,1,0,2,2,9,5,0,2,2,24,23.1,9
55,54,2/10/2019,28-210,POR,@,DAL,L (-1),1,36:19:00,10,23,0.435,6,11,0.545,4,4,1,0,3,3,5,2,0,5,1,30,18.9,2
56,55,2/11/2019,28-211,POR,@,OKC,L (-9),1,36:49:00,9,22,0.409,3,8,0.375,10,11,0.909,1,6,7,6,2,1,4,4,31,22.6,8
57,56,2/13/2019,28-213,POR,,GSW,W (+22),1,31:38:00,9,15,0.6,6,8,0.75,5,6,0.833,1,2,3,8,0,0,0,1,29,28.2,8
58,57,2/21/2019,28-221,POR,@,BRK,W (+14),1,36:26:00,5,21,0.238,2,9,0.222,1,1,1,4,4,8,8,2,0,1,2,13,10.1,30
59,58,2/23/2019,28-223,POR,@,PHI,W (+15),1,29:38:00,5,10,0.5,1,5,0.2,6,6,1,1,5,6,8,1,0,1,1,17,19.4,24
60,59,2/25/2019,28-225,POR,@,CLE,W (+13),1,37:20:00,6,13,0.462,3,9,0.333,6,6,1,0,4,4,8,0,2,4,3,21,17.3,11
61,60,2/27/2019,28-227,POR,@,BOS,W (+5),1,37:17:00,13,28,0.464,3,10,0.3,4,4,1,3,4,7,4,1,0,1,2,33,23.9,9
62,61,3/1/2019,28-229,POR,@,TOR,L (-2),1,37:26:00,8,17,0.471,3,6,0.5,5,6,0.833,1,7,8,6,0,0,1,2,24,20.1,-9
63,62,3/3/2019,28-231,POR,@,CHO,W (+10),1,35:40:00,9,20,0.45,4,10,0.4,1,1,1,1,2,3,2,2,0,2,4,23,13.7,5
64,63,3/5/2019,28-233,POR,@,MEM,L (-9),1,36:51:00,8,18,0.444,3,10,0.3,5,5,1,1,1,2,8,0,0,5,4,24,14.6,-10
65,64,3/7/2019,28-235,POR,,OKC,L (-8),1,47:20:00,15,28,0.536,3,10,0.3,18,20,0.9,1,4,5,9,1,2,3,3,51,43,-5
66,65,3/9/2019,28-237,POR,,PHO,W (+7),1,29:16:00,4,11,0.364,2,4,0.5,8,9,0.889,0,2,2,9,0,0,0,2,18,17.6,19
67,66,3/12/2019,28-240,POR,@,LAC,W (+21),1,33:53:00,8,14,0.571,3,6,0.5,1,1,1,0,3,3,12,2,0,3,2,20,20.9,12
68,67,3/15/2019,28-243,POR,@,NOP,W (+12),1,35:04:00,8,18,0.444,4,9,0.444,4,4,1,2,2,4,7,2,0,2,0,24,21.5,10
69,68,3/16/2019,28-244,POR,@,SAS,L (-5),1,37:47:00,13,29,0.448,3,10,0.3,5,5,1,0,6,6,5,1,0,1,3,34,23,3
70,69,3/18/2019,28-246,POR,,IND,W (+8),1,40:10:00,9,16,0.563,4,9,0.444,8,9,0.889,0,2,2,15,3,1,6,3,30,29.6,17
71,70,3/20/2019,28-248,POR,,DAL,W (+8),1,30:11:00,9,18,0.5,6,12,0.5,9,10,0.9,2,3,5,12,2,0,1,1,33,34.9,24
72,71,3/23/2019,28-251,POR,,DET,W (+5),1,37:05:00,9,16,0.563,6,10,0.6,4,5,0.8,2,4,6,9,0,0,4,1,28,24.5,3
73,72,3/25/2019,28-253,POR,,BRK,W (+4),1,47:40:00,10,30,0.333,4,16,0.25,7,8,0.875,3,3,6,12,1,0,0,3,31,24.8,13
74,73,3/27/2019,28-255,POR,@,CHI,W (+20),1,28:27:00,3,12,0.25,1,6,0.167,4,4,1,1,5,6,7,0,0,1,1,11,9.5,20
75,74,3/29/2019,28-257,POR,@,ATL,W (+20),1,32:04:00,13,25,0.52,4,10,0.4,6,6,1,0,3,3,7,0,1,2,1,36,27.8,18
76,75,3/30/2019,28-258,POR,@,DET,L (-9),1,35:35:00,8,25,0.32,3,8,0.375,4,4,1,1,7,8,3,1,1,3,2,23,11.5,-12
77,76,4/1/2019,28-260,POR,@,MIN,W (+10),1,34:01:00,6,17,0.353,3,6,0.5,0,1,0,0,5,5,12,0,0,5,2,15,9.2,3
78,77,4/3/2019,28-262,POR,,MEM,W (+27),1,29:15:00,8,18,0.444,2,7,0.286,2,2,1,0,7,7,10,1,0,3,0,20,17.7,25
79,78,4/5/2019,28-264,POR,@,DEN,L (-9),1,39:18:00,3,14,0.214,0,6,0,8,9,0.889,0,4,4,8,0,0,2,3,14,8.6,5
80,79,4/7/2019,28-266,POR,,DEN,W (+7),1,37:36:00,9,19,0.474,5,11,0.455,7,7,1,1,5,6,5,0,0,1,1,30,24.6,11
81,80,4/9/2019,28-268,POR,@,LAL,W (+3),1,35:57:00,6,16,0.375,3,10,0.3,5,5,1,1,3,4,8,3,1,3,0,20,19.1,3
82,,4/10/2019,28-269,POR,,SAC,W (+5),Did Not Play,Did Not Play,Did Not Play,Did Not Play,Did Not Play,Did Not Play,Did Not Play,Did Not Play,Did Not Play,Did Not Play,Did Not Play,Did Not Play,Did Not Play,Did Not Play,Did Not Play,Did Not Play,Did Not Play,Did Not Play,Did Not Play,Did Not Play,Did Not Play,Did Not Play
1,1,10/23/2019,29-100,POR,,DEN,L (-8),1,37:49:00,10,21,0.476,3,10,0.3,9,10,0.9,1,3,4,8,1,0,3,3,32,24.9,0
2,2,10/25/2019,29-102,POR,@,SAC,W (+10),1,34:02:00,12,20,0.6,3,7,0.429,8,8,1,0,5,5,5,3,0,3,4,35,29.2,23
3,3,10/27/2019,29-104,POR,@,DAL,W (+2),1,38:24:00,10,20,0.5,1,7,0.143,7,9,0.778,0,3,3,5,1,1,2,3,28,20.1,-1
4,4,10/28/2019,29-105,POR,@,SAS,L (-3),1,38:48:00,9,28,0.321,3,10,0.3,7,8,0.875,0,9,9,7,0,2,1,3,28,18.4,4
5,5,10/30/2019,29-107,POR,@,OKC,W (+3),1,38:12:00,7,19,0.368,4,9,0.444,5,6,0.833,1,6,7,13,2,0,1,2,23,23.9,9
6,6,11/2/2019,29-110,POR,,PHI,L (-1),1,39:04:00,11,16,0.688,8,11,0.727,3,3,1,0,5,5,9,2,0,7,1,33,28.6,7
7,7,11/4/2019,29-112,POR,@,GSW,L (-9),1,37:18:00,15,26,0.577,5,13,0.385,4,4,1,1,1,2,4,0,1,1,0,39,30.3,-11
8,8,11/7/2019,29-115,POR,@,LAC,L (-6),1,38:08:00,9,23,0.391,3,10,0.3,1,2,0.5,1,5,6,6,3,0,3,2,22,14.7,-3
9,9,11/8/2019,29-116,POR,,BRK,L (-4),1,40:21:00,19,33,0.576,7,16,0.438,15,15,1,0,4,4,5,0,0,2,1,60,46.8,4
10,10,11/10/2019,29-118,POR,,ATL,W (+11),1,44:16:00,8,17,0.471,3,9,0.333,11,12,0.917,1,6,7,6,1,1,4,2,30,24.5,7
11,11,11/12/2019,29-120,POR,@,SAC,L (-8),1,37:34:00,6,10,0.6,2,5,0.4,13,14,0.929,0,4,4,5,2,1,5,1,27,24,-11
12,12,11/13/2019,29-121,POR,,TOR,L (-8),1,36:57:00,2,12,0.167,2,7,0.286,3,3,1,0,1,1,10,0,2,2,3,9,6.9,-13
13,13,11/16/2019,29-124,POR,@,SAS,W (+5),1,40:19:00,4,19,0.211,1,9,0.111,13,13,1,2,4,6,6,1,0,2,3,22,14.9,18
14,14,11/18/2019,29-126,POR,@,HOU,L (-24),1,34:31:00,4,15,0.267,1,6,0.167,4,4,1,0,6,6,11,0,0,4,4,13,8,-19
15,,11/19/2019,29-127,POR,@,NOP,L (-11),Did Not Dress,Did Not Dress,Did Not Dress,Did Not Dress,Did Not Dress,Did Not Dress,Did Not Dress,Did Not Dress,Did Not Dress,Did Not Dress,Did Not Dress,Did Not Dress,Did Not Dress,Did Not Dress,Did Not Dress,Did Not Dress,Did Not Dress,Did Not Dress,Did Not Dress,Did Not Dress,Did Not Dress,Did Not Dress
16,,11/21/2019,29-129,POR,@,MIL,L (-8),Inactive,Inactive,Inactive,Inactive,Inactive,Inactive,Inactive,Inactive,Inactive,Inactive,Inactive,Inactive,Inactive,Inactive,Inactive,Inactive,Inactive,Inactive,Inactive,Inactive,Inactive,Inactive
17,15,11/23/2019,29-131,POR,@,CLE,L (-6),1,36:30:00,7,20,0.35,4,9,0.444,5,6,0.833,3,5,8,8,0,1,4,2,23,16.5,-5
18,16,11/25/2019,29-133,POR,@,CHI,W (+23),1,27:15:00,4,10,0.4,1,4,0.25,4,4,1,0,2,2,12,2,0,1,0,13,17.6,12
19,17,11/27/2019,29-135,POR,,OKC,W (+17),1,29:38:00,7,15,0.467,5,9,0.556,8,8,1,1,4,5,5,1,0,1,3,27,23.5,28
20,18,11/29/2019,29-137,POR,,CHI,W (+4),1,36:41:00,9,18,0.5,3,11,0.273,7,9,0.778,0,2,2,6,0,0,4,1,28,18.6,-4
21,19,12/3/2019,29-141,POR,@,LAC,L (-20),1,29:54:00,5,15,0.333,2,9,0.222,4,5,0.8,0,2,2,7,1,0,2,2,16,10.8,-13
22,20,12/4/2019,29-142,POR,,SAC,W (+11),1,37:27:00,7,12,0.583,4,6,0.667,6,7,0.857,0,4,4,10,2,1,4,2,24,24.1,14
23,21,12/6/2019,29-144,POR,,LAL,L (-23),1,40:44:00,9,18,0.5,2,8,0.25,9,11,0.818,0,7,7,8,0,0,4,0,29,22.9,-10
24,22,12/8/2019,29-146,POR,,OKC,L (-12),1,38:34:00,8,24,0.333,2,12,0.167,8,8,1,0,3,3,7,1,0,3,3,26,15,-9
25,23,12/10/2019,29-148,POR,,NYK,W (+28),1,28:59:00,9,15,0.6,8,12,0.667,5,5,1,0,2,2,6,0,0,3,2,31,25.1,28
26,24,12/12/2019,29-150,POR,@,DEN,L (-15),1,37:33:00,5,16,0.313,2,9,0.222,1,2,0.5,1,1,2,11,1,0,2,0,13,11.1,-11
27,25,12/16/2019,29-154,POR,@,PHO,W (+1),1,36:47:00,9,21,0.429,3,8,0.375,6,7,0.857,0,1,1,5,0,0,4,4,27,13.7,10
28,26,12/18/2019,29-156,POR,,GSW,W (+10),1,37:16:00,9,20,0.45,2,8,0.25,11,13,0.846,1,4,5,13,1,1,3,1,31,29.1,11
29,27,12/20/2019,29-158,POR,,ORL,W (+15),1,36:26:00,13,21,0.619,7,13,0.538,3,3,1,0,3,3,6,1,0,5,1,36,27.2,28
30,28,12/21/2019,29-159,POR,,MIN,W (+7),1,38:02:00,10,25,0.4,3,12,0.25,6,9,0.667,0,3,3,7,1,1,3,0,29,18.8,5
31,29,12/23/2019,29-161,POR,,NOP,L (-8),1,36:53:00,6,21,0.286,0,10,0,6,6,1,0,3,3,7,2,0,3,1,18,10.1,-14
1,1,10/28/2015,25-105,POR,,NOP,W (+18),1,35:54:00,8,21,0.381,1,7,0.143,4,4,1,0,5,5,11,2,0,4,2,21,15.9,17
2,2,10/30/2015,25-107,POR,@,PHO,L (-18),1,36:50:00,7,20,0.35,3,8,0.375,7,7,1,0,3,3,6,0,0,7,4,24,9.3,-17
3,3,10/31/2015,25-108,POR,,PHO,L (-11),1,36:16:00,8,17,0.471,3,8,0.375,4,6,0.667,0,4,4,8,2,0,5,5,23,15.3,-8
4,4,11/2/2015,25-110,POR,@,MIN,W (+5),1,37:57:00,14,25,0.56,4,9,0.444,2,3,0.667,1,1,2,7,2,1,2,4,34,26.7,1
5,5,11/4/2015,25-112,POR,@,UTA,W (+16),1,40:07:00,14,27,0.519,5,11,0.455,2,2,1,0,4,4,3,1,0,6,3,35,18.8,10
6,6,11/5/2015,25-113,POR,,MEM,W (+19),1,32:35:00,9,18,0.5,7,11,0.636,2,2,1,1,0,1,5,0,1,0,0,27,22.9,24
7,7,11/8/2015,25-116,POR,,DET,L (-17),1,35:22:00,8,15,0.533,4,9,0.444,6,7,0.857,0,4,4,11,1,0,5,3,26,22,-15
8,8,11/9/2015,25-117,POR,@,DEN,L (-4),1,38:24:00,9,22,0.409,3,7,0.429,9,9,1,3,0,3,7,1,0,1,4,30,23.6,3
9,9,11/11/2015,25-119,POR,,SAS,L (-12),1,36:56:00,7,19,0.368,5,8,0.625,3,7,0.429,1,5,6,9,1,0,3,3,22,15.2,-4
10,10,11/13/2015,25-121,POR,@,MEM,L (-1),1,38:08:00,5,15,0.333,0,5,0,1,2,0.5,0,3,3,7,2,0,2,2,11,7.1,5
11,11,11/15/2015,25-123,POR,@,CHO,L (-12),1,36:34:00,9,25,0.36,1,9,0.111,4,5,0.8,2,6,8,5,1,0,5,0,23,11.4,-12
12,12,11/16/2015,25-124,POR,@,SAS,L (-13),1,41:58:00,10,21,0.476,1,4,0.25,6,6,1,1,6,7,6,1,1,3,4,27,20.1,-10
13,13,11/18/2015,25-126,POR,@,HOU,L (-5),1,40:49:00,6,19,0.316,1,6,0.167,10,10,1,0,3,3,2,2,0,6,1,23,10,-5
14,14,11/20/2015,25-128,POR,,LAC,W (+11),1,38:07:00,10,25,0.4,4,10,0.4,3,3,1,0,4,4,7,1,0,4,1,27,16.2,12
15,15,11/22/2015,25-130,POR,@,LAL,W (+14),1,36:35:00,12,25,0.48,3,10,0.3,3,3,1,0,6,6,13,2,1,2,1,30,28.5,22
16,16,11/24/2015,25-132,POR,,CHI,L (-5),1,39:30:00,4,22,0.182,0,6,0,11,13,0.846,1,9,10,8,0,1,2,4,19,10.5,-3
17,17,11/28/2015,25-136,POR,,LAL,W (+12),1,35:46:00,9,19,0.474,5,11,0.455,6,7,0.857,1,3,4,7,0,1,5,2,29,20.3,11
18,18,11/30/2015,25-138,POR,@,LAC,L (-15),1,16:58,3,8,0.375,1,4,0.25,0,0,,0,2,2,0,0,0,1,1,7,1.8,-14
19,19,12/1/2015,25-139,POR,,DAL,L (-3),1,41:15:00,10,24,0.417,3,7,0.429,2,2,1,3,5,8,10,1,0,4,5,25,17.8,-9
20,20,12/3/2015,25-141,POR,,IND,W (+12),1,35:08:00,6,15,0.4,5,9,0.556,9,9,1,0,3,3,9,1,1,5,2,26,21,12
21,21,12/5/2015,25-143,POR,@,MIN,W (+6),1,37:01:00,6,15,0.4,1,3,0.333,6,6,1,0,3,3,7,1,0,2,3,19,14.5,7
22,22,12/7/2015,25-145,POR,@,MIL,L (-2),1,38:04:00,8,19,0.421,3,8,0.375,4,4,1,0,5,5,7,0,0,4,2,23,14.5,-5
23,23,12/8/2015,25-146,POR,@,CLE,L (-5),1,39:10:00,14,27,0.519,4,9,0.444,1,1,1,1,5,6,6,0,0,4,2,33,21.3,-8
24,24,12/11/2015,25-149,POR,@,PHO,W (+10),1,35:26:00,8,21,0.381,1,7,0.143,1,2,0.5,0,5,5,7,0,0,3,2,18,8.7,8
25,25,12/12/2015,25-150,POR,,NYK,L (-2),1,38:26:00,11,28,0.393,2,6,0.333,5,6,0.833,2,6,8,4,0,0,1,2,29,17.6,12
26,26,12/14/2015,25-152,POR,,NOP,W (+4),1,35:20:00,8,16,0.5,3,7,0.429,11,12,0.917,0,3,3,3,1,0,2,2,30,22.8,3
27,27,12/16/2015,25-154,POR,@,OKC,L (-16),1,30:12:00,6,20,0.3,4,8,0.5,4,5,0.8,0,5,5,2,1,1,2,3,20,9.4,-17
28,28,12/18/2015,25-156,POR,@,ORL,L (-8),1,36:03:00,4,15,0.267,2,9,0.222,9,9,1,1,2,3,10,1,0,6,4,19,11.8,-10
29,29,12/20/2015,25-158,POR,@,MIA,L (-7),1,37:24:00,10,18,0.556,3,9,0.333,9,11,0.818,1,1,2,9,1,0,6,3,32,23.7,6
30,,12/21/2015,25-159,POR,@,ATL,L (-9),Inactive,Inactive,Inactive,Inactive,Inactive,Inactive,Inactive,Inactive,Inactive,Inactive,Inactive,Inactive,Inactive,Inactive,Inactive,Inactive,Inactive,Inactive,Inactive,Inactive,Inactive,Inactive
31,,12/23/2015,25-161,POR,@,NOP,L (-26),Inactive,Inactive,Inactive,Inactive,Inactive,Inactive,Inactive,Inactive,Inactive,Inactive,Inactive,Inactive,Inactive,Inactive,Inactive,Inactive,Inactive,Inactive,Inactive,Inactive,Inactive,Inactive
32,,12/26/2015,25-164,POR,,CLE,W (+29),Inactive,Inactive,Inactive,Inactive,Inactive,Inactive,Inactive,Inactive,Inactive,Inactive,Inactive,Inactive,Inactive,Inactive,Inactive,Inactive,Inactive,Inactive,Inactive,Inactive,Inactive,Inactive
33,,12/27/2015,25-165,POR,@,SAC,W (+4),Inactive,Inactive,Inactive,Inactive,Inactive,Inactive,Inactive,Inactive,Inactive,Inactive,Inactive,Inactive,Inactive,Inactive,Inactive,Inactive,Inactive,Inactive,Inactive,Inactive,Inactive,Inactive
34,,12/30/2015,25-168,POR,,DEN,W (+7),Inactive,Inactive,Inactive,Inactive,Inactive,Inactive,Inactive,Inactive,Inactive,Inactive,Inactive,Inactive,Inactive,Inactive,Inactive,Inactive,Inactive,Inactive,Inactive,Inactive,Inactive,Inactive
35,,12/31/2015,25-169,POR,@,UTA,L (-13),Inactive,Inactive,Inactive,Inactive,Inactive,Inactive,Inactive,Inactive,Inactive,Inactive,Inactive,Inactive,Inactive,Inactive,Inactive,Inactive,Inactive,Inactive,Inactive,Inactive,Inactive,Inactive
36,,1/3/2016,25-172,POR,@,DEN,W (+6),Inactive,Inactive,Inactive,Inactive,Inactive,Inactive,Inactive,Inactive,Inactive,Inactive,Inactive,Inactive,Inactive,Inactive,Inactive,Inactive,Inactive,Inactive,Inactive,Inactive,Inactive,Inactive
37,30,1/4/2016,25-173,POR,,MEM,L (-13),1,35:45:00,4,14,0.286,2,10,0.2,7,7,1,0,3,3,7,1,0,7,3,17,7.4,-12
38,31,1/6/2016,25-175,POR,,LAC,L (-11),1,43:27:00,7,25,0.28,4,9,0.444,2,3,0.667,1,6,7,9,2,1,3,2,20,12.6,-9
39,32,1/8/2016,25-177,POR,,GSW,L (-20),1,37:49:00,12,27,0.444,6,15,0.4,10,12,0.833,1,2,3,10,2,2,3,2,40,33,-18
40,33,1/10/2016,25-179,POR,,OKC,W (+5),1,37:28:00,9,18,0.5,8,14,0.571,5,6,0.833,1,6,7,9,2,0,7,4,31,23.8,4
41,34,1/13/2016,25-182,POR,,UTA,W (+14),1,28:56:00,8,14,0.571,4,7,0.571,1,1,1,1,6,7,10,2,1,4,2,21,21.8,11
42,35,1/15/2016,25-184,POR,@,BRK,W (+12),1,37:24:00,13,24,0.542,5,10,0.5,2,3,0.667,1,2,3,10,1,0,0,0,33,30.3,10
43,36,1/16/2016,25-185,POR,@,PHI,L (-25),1,30:26:00,4,18,0.222,1,6,0.167,5,6,0.833,0,2,2,2,0,0,2,1,14,2.2,-21
44,37,1/18/2016,25-187,POR,@,WAS,W (+10),1,34:05:00,7,16,0.438,2,6,0.333,0,1,0,1,1,2,6,0,0,2,1,16,10,13
45,38,1/20/2016,25-189,POR,,ATL,L (-6),1,36:46:00,8,22,0.364,1,6,0.167,1,1,1,0,5,5,6,0,0,0,4,18,9.9,-13
46,39,1/23/2016,25-192,POR,,LAL,W (+18),1,29:29:00,14,19,0.737,5,8,0.625,3,4,0.75,0,1,1,5,0,0,0,0,36,31.7,27
47,40,1/26/2016,25-195,POR,,SAC,W (+15),1,32:54:00,5,16,0.313,1,6,0.167,4,4,1,2,3,5,13,0,1,4,2,15,13.1,11
48,41,1/29/2016,25-198,POR,,CHO,W (+18),1,36:37:00,9,19,0.474,2,5,0.4,2,5,0.4,0,5,5,6,3,0,3,1,22,16.4,13
49,42,1/31/2016,25-200,POR,,MIN,W (+3),1,32:22:00,5,14,0.357,1,7,0.143,10,12,0.833,1,3,4,8,1,0,2,4,21,17,-2
50,43,2/2/2016,25-202,POR,,MIL,W (+12),1,34:22:00,6,15,0.4,0,6,0,2,2,1,1,4,5,12,0,0,3,0,14,13.2,12
51,44,2/4/2016,25-204,POR,,TOR,L (-7),1,36:00:00,8,20,0.4,2,7,0.286,9,10,0.9,1,4,5,11,1,1,3,1,27,23.7,-4
52,45,2/6/2016,25-206,POR,@,HOU,W (+17),1,36:13:00,7,20,0.35,3,9,0.333,4,4,1,1,3,4,10,1,0,4,2,21,14.6,8
53,46,2/8/2016,25-208,POR,@,MEM,W (+6),1,42:40:00,9,22,0.409,5,13,0.385,10,12,0.833,0,4,4,5,1,1,4,5,33,20.8,10
54,47,2/10/2016,25-210,POR,,HOU,W (+13),1,35:17:00,9,22,0.409,4,11,0.364,9,11,0.818,1,2,3,9,3,0,4,3,31,23.8,28
55,48,2/19/2016,25-219,POR,,GSW,W (+32),1,31:06:00,18,28,0.643,9,12,0.75,6,7,0.857,0,0,0,7,6,0,0,3,51,47.9,26
56,49,2/21/2016,25-221,POR,,UTA,W (+4),1,37:21:00,10,21,0.476,4,12,0.333,6,9,0.667,1,3,4,5,0,0,3,2,30,19.4,6
57,50,2/23/2016,25-223,POR,,BRK,W (+8),1,36:44:00,9,18,0.5,2,7,0.286,14,14,1,0,2,2,4,3,0,4,3,34,26.2,12
58,51,2/25/2016,25-225,POR,,HOU,L (-14),1,36:18:00,6,20,0.3,3,10,0.3,8,8,1,1,5,6,7,0,0,1,4,23,15.9,-17
59,52,2/27/2016,25-227,POR,@,CHI,W (+8),1,34:34:00,12,26,0.462,0,4,0,7,7,1,0,4,4,4,0,0,4,1,31,17.2,-2
60,53,2/28/2016,25-228,POR,@,IND,W (+9),1,35:05:00,11,23,0.478,5,8,0.625,6,6,1,0,5,5,2,0,1,2,2,33,22.1,4
61,54,3/1/2016,25-230,POR,@,NYK,W (+19),1,32:28:00,8,18,0.444,4,9,0.444,10,10,1,0,4,4,6,0,0,1,1,30,24.6,13
62,55,3/2/2016,25-231,POR,@,BOS,L (-23),1,33:58:00,8,17,0.471,3,8,0.375,1,2,0.5,1,3,4,2,0,2,3,2,20,11.5,-22
63,56,3/4/2016,25-233,POR,@,TOR,L (-2),1,39:37:00,16,28,0.571,6,13,0.462,12,13,0.923,2,1,3,5,0,0,4,2,50,36.8,1
64,57,3/6/2016,25-235,POR,@,DET,L (-20),1,35:05:00,8,22,0.364,2,9,0.222,8,8,1,1,4,5,5,0,0,7,3,26,11,-23
65,58,3/8/2016,25-237,POR,,WAS,W (+7),1,43:38:00,12,25,0.48,6,13,0.462,11,12,0.917,0,5,5,11,1,0,1,2,41,36.3,9
66,59,3/11/2016,25-240,POR,@,GSW,L (-16),1,30:15:00,5,19,0.263,4,9,0.444,3,3,1,1,1,2,5,1,1,2,2,17,9.1,-16
67,60,3/12/2016,25-241,POR,,ORL,W (+37),1,29:47:00,6,11,0.545,2,6,0.333,5,5,1,1,3,4,10,0,0,4,1,19,17.9,24
68,61,3/14/2016,25-243,POR,@,OKC,L (-34),1,31:54:00,7,16,0.438,3,6,0.5,4,4,1,0,2,2,4,0,1,4,3,21,11.5,-22
69,62,3/17/2016,25-246,POR,@,SAS,L (-8),1,39:56:00,7,19,0.368,3,7,0.429,6,6,1,0,3,3,6,0,1,2,4,23,14.7,-1
70,63,3/18/2016,25-247,POR,@,NOP,W (+5),1,35:17:00,9,19,0.474,3,8,0.375,12,12,1,0,8,8,6,0,1,4,3,33,25.4,-4
71,64,3/20/2016,25-249,POR,@,DAL,L (-12),1,44:05:00,8,26,0.308,4,10,0.4,6,6,1,2,2,4,8,1,0,5,2,26,13.8,-5
72,65,3/23/2016,25-252,POR,,DAL,W (+6),1,37:39:00,9,19,0.474,4,9,0.444,5,5,1,0,6,6,6,1,2,7,1,27,18.3,2
73,66,3/24/2016,25-253,POR,@,LAC,L (-2),1,35:14:00,4,16,0.25,2,8,0.25,8,9,0.889,1,2,3,8,1,0,3,1,18,12.5,-3
74,67,3/26/2016,25-255,POR,,PHI,W (+3),1,35:55:00,6,20,0.3,2,6,0.333,2,2,1,0,5,5,7,0,0,2,2,16,8,-6
75,68,3/28/2016,25-257,POR,,SAC,W (+12),1,28:46:00,4,9,0.444,3,5,0.6,2,2,1,0,1,1,9,1,1,4,2,13,11.8,19
76,69,3/31/2016,25-260,POR,,BOS,W (+7),1,36:13:00,3,16,0.188,1,6,0.167,7,8,0.875,1,0,1,4,0,1,3,1,14,4.4,-3
77,70,4/2/2016,25-262,POR,,MIA,W (+17),1,29:10:00,5,14,0.357,0,2,0,8,10,0.8,0,2,2,4,0,0,3,0,18,9.8,15
78,71,4/3/2016,25-263,POR,@,GSW,L (-25),1,35:32:00,13,27,0.481,4,9,0.444,8,9,0.889,1,2,3,4,0,0,0,2,38,27.2,-7
79,72,4/5/2016,25-265,POR,@,SAC,W (+8),1,35:21:00,6,19,0.316,3,9,0.333,7,8,0.875,0,2,2,8,1,1,4,1,22,14.2,-3
80,73,4/6/2016,25-266,POR,,OKC,W (+5),1,36:48:00,2,13,0.154,2,7,0.286,5,5,1,0,3,3,9,0,1,3,0,11,7.6,6
81,74,4/9/2016,25-269,POR,,MIN,L (-1),1,37:55:00,11,22,0.5,4,10,0.4,5,5,1,0,3,3,7,1,0,3,3,31,22.6,7
82,75,4/13/2016,25-273,POR,,DEN,W (+8),1,23:48,8,17,0.471,3,8,0.375,2,2,1,0,3,3,5,2,0,2,1,21,16.3,0
1,1,10/29/2014,24-106,POR,,OKC,W (+17),1,29:38:00,3,10,0.3,2,7,0.286,2,2,1,0,2,2,5,1,0,1,4,10,6.7,9
2,2,10/31/2014,24-108,POR,@,SAC,L (-9),1,35:20:00,4,13,0.308,4,8,0.5,8,9,0.889,2,5,7,2,0,1,1,4,20,14.5,-16
3,3,11/2/2014,24-110,POR,,GSW,L (-5),1,38:22:00,4,18,0.222,1,7,0.143,2,2,1,3,3,6,5,0,0,2,1,11,4.1,-3
4,4,11/4/2014,24-112,POR,,CLE,W (+19),1,36:13:00,6,13,0.462,5,10,0.5,10,10,1,1,5,6,7,1,1,0,2,27,28.3,15
5,5,11/6/2014,24-114,POR,,DAL,W (+21),1,31:52:00,6,13,0.462,1,6,0.167,5,5,1,0,5,5,6,1,0,5,1,18,12.6,23
6,6,11/8/2014,24-116,POR,@,LAC,L (-4),1,38:36:00,9,14,0.643,4,8,0.5,3,4,0.75,0,7,7,8,0,0,5,5,25,19.1,-1
7,7,11/9/2014,24-117,POR,,DEN,W (+16),1,33:44:00,4,9,0.444,2,5,0.4,1,1,1,1,4,5,7,2,0,0,3,11,13.9,-1
8,8,11/11/2014,24-119,POR,,CHO,W (+2),1,38:37:00,12,21,0.571,5,8,0.625,0,0,,1,3,4,7,2,0,6,1,29,21.2,-3
9,9,11/12/2014,24-120,POR,@,DEN,W (+17),1,30:06:00,10,16,0.625,5,6,0.833,2,2,1,1,4,5,9,2,0,4,1,27,25.6,28
10,10,11/15/2014,24-123,POR,,BRK,W (+10),1,37:54:00,8,14,0.571,4,6,0.667,8,9,0.889,0,5,5,10,0,0,4,2,28,24.7,2
11,11,11/17/2014,24-125,POR,,NOP,W (+9),1,35:26:00,7,18,0.389,2,7,0.286,8,8,1,1,3,4,7,2,0,4,2,24,17.9,-2
12,12,11/21/2014,24-129,POR,,CHI,W (+18),1,26:07:00,7,9,0.778,4,4,1,3,3,1,0,6,6,9,1,0,4,0,21,22.6,40
13,13,11/23/2014,24-131,POR,@,BOS,W (+6),1,37:54:00,4,14,0.286,2,6,0.333,2,2,1,0,9,9,5,4,0,5,2,12,8.2,4
14,14,11/24/2014,24-132,POR,@,PHI,W (+10),1,37:02:00,6,11,0.545,1,4,0.25,3,3,1,1,4,5,4,2,0,3,3,16,13.2,14
15,15,11/26/2014,24-134,POR,@,CHO,W (+8),1,35:30:00,8,17,0.471,4,8,0.5,2,3,0.667,0,4,4,7,1,0,1,2,22,18.2,13
16,16,11/28/2014,24-136,POR,,MEM,L (-13),1,35:55:00,7,16,0.438,1,6,0.167,5,7,0.714,1,3,4,9,3,0,1,1,20,20.3,-5
17,17,11/30/2014,24-138,POR,,MIN,W (+14),1,35:32:00,6,14,0.429,1,7,0.143,4,7,0.571,0,1,1,8,3,1,1,1,17,16.6,-1
18,18,12/2/2014,24-140,POR,@,DEN,W (+2),1,31:00:00,7,15,0.467,1,5,0.2,2,2,1,1,2,3,6,1,0,2,5,17,11.8,2
19,19,12/4/2014,24-142,POR,,IND,W (+6),1,34:21:00,7,15,0.467,1,5,0.2,8,11,0.727,0,8,8,3,2,0,1,1,23,19.2,6
20,20,12/7/2014,24-145,POR,@,NYK,W (+4),1,36:09:00,5,16,0.313,2,8,0.25,8,9,0.889,0,5,5,2,1,0,1,0,20,13.3,11
21,21,12/9/2014,24-147,POR,@,DET,W (+12),1,35:20:00,6,14,0.429,1,5,0.2,1,2,0.5,0,5,5,7,2,0,2,2,14,11.8,10
22,22,12/10/2014,24-148,POR,@,MIN,L (-8),1,41:42:00,9,24,0.375,2,12,0.167,3,3,1,1,6,7,5,3,0,1,3,23,16.6,0
23,23,12/12/2014,24-150,POR,@,CHI,L (-9),1,38:18:00,13,21,0.619,7,11,0.636,2,3,0.667,0,5,5,6,0,0,4,3,35,25.6,-3
24,24,12/13/2014,24-151,POR,@,IND,W (+10),1,36:38:00,7,22,0.318,0,3,0,4,4,1,0,3,3,4,1,0,1,2,18,8.3,13
25,25,12/15/2014,24-153,POR,,SAS,W (+13),1,33:48:00,8,18,0.444,1,3,0.333,6,6,1,3,7,10,6,2,0,2,3,23,20.8,8
26,26,12/17/2014,24-155,POR,,MIL,W (+7),1,36:39:00,10,18,0.556,4,7,0.571,5,6,0.833,0,3,3,7,2,0,4,3,29,22.6,14
27,27,12/19/2014,24-157,POR,@,SAS,W (+10),1,52:30:00,16,29,0.552,4,9,0.444,7,8,0.875,0,3,3,6,2,1,4,2,43,31.7,20
28,28,12/20/2014,24-158,POR,@,NOP,W (+26),1,27:47:00,6,12,0.5,3,6,0.5,2,2,1,0,3,3,7,1,0,1,2,17,16,30
29,29,12/22/2014,24-160,POR,@,HOU,L (-15),1,32:12:00,6,16,0.375,0,5,0,6,6,1,1,2,3,3,1,0,6,1,18,7.2,-18
30,30,12/23/2014,24-161,POR,@,OKC,W (+4),1,45:46:00,11,21,0.524,8,12,0.667,10,11,0.909,1,5,6,11,2,0,2,1,40,38.8,17
31,31,12/26/2014,24-164,POR,,PHI,W (+21),1,32:30:00,9,17,0.529,3,8,0.375,7,7,1,0,5,5,9,1,0,7,1,28,21.1,18
32,32,12/28/2014,24-166,POR,,NYK,W (+22),1,29:41:00,4,11,0.364,2,6,0.333,1,2,0.5,0,4,4,6,2,0,2,0,11,9.9,14
33,33,12/30/2014,24-168,POR,,TOR,W (+5),1,46:11:00,9,24,0.375,4,15,0.267,4,5,0.8,0,2,2,9,1,2,2,3,26,18.5,11
34,34,1/3/2015,24-172,POR,,ATL,L (-8),1,38:59:00,7,18,0.389,2,6,0.333,0,1,0,2,6,8,7,0,1,2,5,16,10.6,-7
35,35,1/5/2015,24-174,POR,,LAL,W (+4),1,38:53:00,12,21,0.571,4,8,0.5,11,13,0.846,2,4,6,5,2,1,1,0,39,36.1,4
36,36,1/8/2015,24-177,POR,,MIA,W (+16),1,33:26:00,6,17,0.353,2,8,0.25,2,2,1,0,0,0,3,0,2,1,2,16,8.2,18
37,37,1/10/2015,24-179,POR,,ORL,W (+11),1,34:56:00,3,10,0.3,2,8,0.25,8,10,0.8,1,4,5,5,1,0,4,0,16,11.8,6
38,38,1/11/2015,24-180,POR,@,LAL,W (+12),1,36:41:00,13,23,0.565,4,8,0.5,4,5,0.8,0,3,3,7,0,0,3,2,34,24.7,13
39,39,1/14/2015,24-183,POR,,LAC,L (-6),1,37:03:00,5,16,0.313,4,9,0.444,1,2,0.5,0,3,3,4,1,0,3,3,15,5.9,-6
40,40,1/16/2015,24-185,POR,@,SAS,L (-14),1,36:03:00,9,17,0.529,0,5,0,5,6,0.833,0,2,2,5,0,0,1,2,23,16.6,-22
41,41,1/17/2015,24-186,POR,@,MEM,L (-4),1,40:59:00,9,26,0.346,3,10,0.3,2,3,0.667,3,3,6,6,2,0,2,2,23,14.4,-4
42,42,1/19/2015,24-188,POR,,SAC,W (+4),1,37:44:00,6,19,0.316,2,9,0.222,8,11,0.727,2,4,6,5,3,0,0,1,22,18.6,-5
43,43,1/21/2015,24-190,POR,@,PHO,L (-5),1,40:37:00,6,22,0.273,2,10,0.2,8,8,1,0,3,3,6,2,0,5,2,22,10.3,5
44,44,1/22/2015,24-191,POR,,BOS,L (-1),1,35:15:00,8,23,0.348,2,5,0.4,3,3,1,2,4,6,7,1,0,1,2,21,14.8,2
45,45,1/24/2015,24-193,POR,,WAS,W (+7),1,35:56:00,5,13,0.385,2,6,0.333,8,8,1,0,3,3,7,1,0,2,2,20,16.9,2
46,46,1/28/2015,24-197,POR,@,CLE,L (-5),1,38:13:00,4,19,0.211,3,10,0.3,3,4,0.75,0,0,0,5,0,1,1,2,14,4.3,0
47,47,1/30/2015,24-199,POR,@,ATL,L (-6),1,40:20:00,6,20,0.3,1,9,0.111,0,0,,1,5,6,11,3,1,6,3,13,7.8,-1
48,48,1/31/2015,24-200,POR,@,MIL,L (-7),1,38:15:00,6,19,0.316,1,10,0.1,6,7,0.857,1,4,5,9,3,1,6,2,19,12.8,-4
49,49,2/3/2015,24-203,POR,,UTA,W (+1),1,37:07:00,10,17,0.588,0,6,0,5,7,0.714,0,4,4,6,2,0,1,3,25,21.5,12
50,50,2/5/2015,24-205,POR,,PHO,W (+21),1,32:34:00,6,15,0.4,0,5,0,1,2,0.5,1,3,4,3,2,1,2,0,13,8.9,13
51,51,2/7/2015,24-207,POR,@,DAL,L (-10),1,42:21:00,7,19,0.368,4,10,0.4,8,9,0.889,2,5,7,7,4,2,5,5,26,21.3,-11
52,52,2/8/2015,24-208,POR,@,HOU,W (+11),1,36:45:00,6,10,0.6,1,5,0.2,10,11,0.909,0,5,5,5,2,0,1,3,23,22.8,7
53,53,2/11/2015,24-211,POR,,LAL,W (+16),1,28:06:00,5,8,0.625,0,3,0,5,5,1,1,0,1,8,1,0,2,3,15,15.5,22
54,54,2/20/2015,24-220,POR,@,UTA,L (-16),1,34:38:00,7,15,0.467,3,9,0.333,2,2,1,0,4,4,2,0,0,5,0,19,8.9,-4
55,55,2/22/2015,24-222,POR,,MEM,L (-6),1,35:25:00,7,17,0.412,2,8,0.25,2,4,0.5,0,5,5,7,0,0,4,1,18,10.1,-23
56,56,2/25/2015,24-225,POR,,SAS,W (+16),1,33:41:00,7,15,0.467,3,4,0.75,1,1,1,1,6,7,5,1,0,3,2,18,13.5,15
57,57,2/27/2015,24-227,POR,,OKC,W (+3),1,36:41:00,10,22,0.455,2,7,0.286,7,8,0.875,0,3,3,5,1,0,1,1,29,21.2,12
58,58,3/1/2015,24-229,POR,@,SAC,W (+11),1,35:42:00,11,20,0.55,3,5,0.6,6,6,1,0,4,4,7,0,1,2,1,31,25.8,23
59,59,3/4/2015,24-232,POR,@,LAC,W (+5),1,43:21:00,1,13,0.077,0,7,0,3,4,0.75,1,17,18,4,0,0,5,4,5,-2.1,14
60,60,3/5/2015,24-233,POR,,DAL,W (+19),1,31:13:00,4,10,0.4,2,5,0.4,4,4,1,0,6,6,5,2,0,5,3,14,9.7,16
61,61,3/7/2015,24-235,POR,@,MIN,L (-8),1,37:51:00,11,23,0.478,4,8,0.5,6,6,1,1,6,7,8,1,0,2,3,32,26.2,-7
62,62,3/11/2015,24-239,POR,,HOU,W (+5),1,34:35:00,5,16,0.313,1,5,0.2,3,4,0.75,1,4,5,8,0,0,3,2,14,8.1,-1
63,63,3/13/2015,24-241,POR,,DET,W (+19),1,29:27:00,9,12,0.75,5,7,0.714,5,6,0.833,0,2,2,9,0,0,1,0,28,28.7,13
64,64,3/15/2015,24-243,POR,@,TOR,W (+16),1,35:15:00,10,20,0.5,2,8,0.25,1,2,0.5,0,4,4,5,2,0,3,2,23,15.5,7
65,65,3/16/2015,24-244,POR,@,WAS,L (-8),1,38:41:00,5,18,0.278,2,8,0.25,2,2,1,0,4,4,9,0,1,3,2,14,7.8,-5
66,66,3/18/2015,24-246,POR,@,MIA,L (-4),1,35:10:00,7,13,0.538,2,5,0.4,1,3,0.333,0,3,3,3,1,0,4,1,17,9.5,-12
67,67,3/20/2015,24-248,POR,@,ORL,L (-7),1,36:42:00,6,15,0.4,0,5,0,6,6,1,1,3,4,4,1,0,1,1,18,13.9,-6
68,68,3/21/2015,24-249,POR,@,MEM,L (-11),1,39:19:00,8,18,0.444,2,6,0.333,9,9,1,0,3,3,7,0,0,5,2,27,17.6,-21
69,69,3/24/2015,24-252,POR,,GSW,L (-14),1,32:50:00,9,21,0.429,6,11,0.545,5,5,1,3,4,7,5,1,1,4,1,29,22,-15
70,70,3/25/2015,24-253,POR,@,UTA,W (+3),1,40:15:00,6,16,0.375,1,6,0.167,10,10,1,1,7,8,12,1,0,2,2,23,23.6,6
71,71,3/27/2015,24-255,POR,@,PHO,W (+6),1,33:17:00,4,15,0.267,2,6,0.333,1,2,0.5,0,4,4,4,0,0,3,2,11,1.9,6
72,72,3/28/2015,24-256,POR,,DEN,W (+6),1,29:34:00,4,11,0.364,0,3,0,0,0,,0,3,3,10,1,0,3,4,8,6.2,5
73,73,3/30/2015,24-258,POR,,PHO,W (+23),1,28:33:00,7,14,0.5,2,6,0.333,3,4,0.75,0,4,4,7,1,0,1,2,19,16.9,16
74,74,4/1/2015,24-260,POR,,LAC,L (-4),1,36:18:00,7,14,0.5,3,6,0.5,1,2,0.5,0,3,3,10,0,0,2,4,18,14.9,-6
75,75,4/3/2015,24-262,POR,@,LAL,W (+30),1,28:17:00,8,15,0.533,4,8,0.5,0,0,,0,3,3,5,2,0,2,2,20,16.3,3
76,76,4/4/2015,24-263,POR,,NOP,W (+9),1,34:40:00,7,19,0.368,0,3,0,5,5,1,0,1,1,4,0,0,4,1,19,7.2,0
77,77,4/6/2015,24-265,POR,@,BRK,L (-10),1,38:46:00,14,26,0.538,6,11,0.545,2,2,1,1,3,4,2,0,1,2,2,36,24.3,-9
78,78,4/8/2015,24-267,POR,,MIN,W (+25),1,28:59:00,4,13,0.308,3,8,0.375,6,6,1,0,2,2,6,0,1,1,2,17,13.2,21
79,79,4/9/2015,24-268,POR,@,GSW,L (-11),1,38:12:00,9,22,0.409,1,9,0.111,1,2,0.5,0,6,6,8,0,0,2,2,20,12.4,-15
80,80,4/11/2015,24-270,POR,,UTA,L (-6),1,37:26:00,12,22,0.545,3,8,0.375,1,1,1,1,4,5,5,2,0,3,1,28,21.4,-6
81,81,4/13/2015,24-272,POR,@,OKC,L (-11),1,26:42:00,3,9,0.333,1,4,0.25,3,4,0.75,0,3,3,6,1,0,2,1,10,8.2,-14
82,82,4/15/2015,24-274,POR,@,DAL,L (-16),1,28:32:00,5,11,0.455,1,3,0.333,6,7,0.857,1,2,3,2,0,0,6,2,17,6.8,-21
1,1,10/30/2013,23-107,POR,@,PHO,L (-13),1,42:12:00,10,20,0.5,6,12,0.5,6,8,0.75,2,2,4,2,1,1,0,2,32,25.5,-11
2,2,11/1/2013,23-109,POR,@,DEN,W (+15),1,34:09:00,6,13,0.462,3,4,0.75,3,3,1,0,4,4,7,0,0,1,4,18,14.8,18
3,3,11/2/2013,23-110,POR,,SAS,W (+10),1,36:06:00,7,16,0.438,3,8,0.375,8,8,1,0,7,7,7,0,0,3,2,25,19.8,16
4,4,11/5/2013,23-113,POR,,HOU,L (-15),1,42:12:00,7,17,0.412,4,9,0.444,4,7,0.571,0,4,4,5,0,0,3,3,22,12.2,-3
5,5,11/8/2013,23-116,POR,,SAC,W (+13),1,37:23:00,5,13,0.385,4,9,0.444,8,8,1,0,8,8,7,1,0,3,0,22,20.2,13
6,6,11/9/2013,23-117,POR,@,SAC,W (+11),1,36:45:00,1,15,0.067,0,5,0,2,4,0.5,2,4,6,6,3,0,1,1,4,1.5,-4
7,7,11/11/2013,23-119,POR,,DET,W (+6),1,35:00:00,7,16,0.438,5,8,0.625,6,6,1,0,5,5,4,0,1,2,3,25,18.4,6
8,8,11/13/2013,23-121,POR,,PHO,W (+1),1,35:02:00,4,13,0.308,0,2,0,3,4,0.75,0,3,3,8,2,0,2,1,11,9.2,8
9,9,11/15/2013,23-123,POR,@,BOS,W (+13),1,30:59:00,6,15,0.4,2,6,0.333,3,3,1,0,2,2,4,0,0,6,4,17,4.7,4
10,10,11/17/2013,23-125,POR,@,TOR,W (+8),1,41:21:00,10,22,0.455,3,10,0.3,2,2,1,1,4,5,8,1,0,3,3,25,17.9,-2
11,11,11/18/2013,23-126,POR,@,BRK,W (+10),1,36:17:00,6,13,0.462,2,7,0.286,5,5,1,0,2,2,9,0,0,1,4,19,16.6,-2
12,12,11/20/2013,23-128,POR,@,MIL,W (+9),1,37:30:00,7,18,0.389,2,7,0.286,3,3,1,0,6,6,3,1,1,3,2,19,11,-5
13,13,11/22/2013,23-130,POR,,CHI,W (+3),1,34:59:00,6,14,0.429,3,5,0.6,5,5,1,0,2,2,6,1,0,2,5,20,14.4,4
14,14,11/23/2013,23-131,POR,@,GSW,W (+12),1,36:09:00,6,20,0.3,2,7,0.286,6,6,1,0,1,1,9,1,0,1,4,20,13.4,14
15,15,11/25/2013,23-133,POR,,NYK,W (+11),1,36:09:00,9,20,0.45,2,7,0.286,3,3,1,1,3,4,6,1,0,1,1,23,18,15
16,16,11/27/2013,23-135,POR,@,PHO,L (-14),1,32:35:00,5,12,0.417,3,5,0.6,3,3,1,0,0,0,1,0,0,3,2,16,6.5,-23
17,17,12/1/2013,23-139,POR,@,LAL,W (+6),1,37:34:00,7,19,0.368,4,9,0.444,8,9,0.889,0,5,5,9,1,1,2,2,26,21.8,21
18,18,12/2/2013,23-140,POR,,IND,W (+4),1,37:28:00,7,17,0.412,2,4,0.5,10,10,1,1,5,6,2,0,2,4,2,26,17.1,9
19,19,12/4/2013,23-142,POR,,OKC,W (+7),1,35:59:00,4,14,0.286,2,7,0.286,4,5,0.8,0,1,1,6,1,0,2,3,14,7.7,15
20,20,12/6/2013,23-144,POR,,UTA,W (+32),1,25:24:00,7,9,0.778,5,6,0.833,2,2,1,1,2,3,6,1,1,3,1,21,21.3,35
21,21,12/7/2013,23-145,POR,,DAL,L (-2),1,37:21:00,9,18,0.5,5,9,0.556,9,9,1,0,1,1,5,0,0,1,2,32,25,2
22,22,12/9/2013,23-147,POR,@,UTA,W (+11),1,34:08:00,5,14,0.357,1,5,0.2,7,7,1,0,5,5,3,1,0,0,4,18,13.2,-2
23,23,12/12/2013,23-150,POR,,HOU,W (+7),1,34:22:00,1,10,0.1,1,4,0.25,5,5,1,0,0,0,6,0,1,2,2,8,3.5,20
24,24,12/14/2013,23-152,POR,@,PHI,W (+34),1,25:55:00,5,9,0.556,4,6,0.667,2,2,1,0,1,1,6,0,0,3,3,16,12,30
25,25,12/15/2013,23-153,POR,@,DET,W (+2),1,40:54:00,6,21,0.286,0,7,0,11,12,0.917,1,1,2,7,3,0,2,1,23,16.8,-2
26,26,12/17/2013,23-155,POR,@,CLE,W (+3),1,37:35:00,11,23,0.478,8,12,0.667,6,7,0.857,2,6,8,10,0,1,3,1,36,31.4,0
27,27,12/18/2013,23-156,POR,@,MIN,L (-11),1,41:25:00,13,24,0.542,7,14,0.5,3,7,0.429,1,5,6,6,3,1,3,5,36,27.9,-9
28,28,12/21/2013,23-159,POR,,NOP,W (+3),1,36:57:00,11,21,0.524,4,10,0.4,3,4,0.75,2,0,2,5,0,0,2,5,29,19.2,13
29,29,12/26/2013,23-164,POR,,LAC,W (+4),1,41:25:00,4,12,0.333,2,5,0.4,4,5,0.8,0,5,5,4,0,0,4,1,14,6.7,5
30,30,12/28/2013,23-166,POR,,MIA,L (-1),1,35:17:00,5,9,0.556,4,7,0.571,2,2,1,0,1,1,7,1,0,4,0,16,13.9,-2
31,31,12/30/2013,23-168,POR,@,NOP,L (-2),1,41:01:00,10,18,0.556,5,8,0.625,4,5,0.8,0,3,3,5,1,0,0,2,29,24.6,8
32,32,12/31/2013,23-169,POR,@,OKC,W (+4),1,40:35:00,6,15,0.4,4,10,0.4,5,5,1,1,5,6,11,1,0,2,3,21,20.6,11
33,33,1/2/2014,23-171,POR,,CHA,W (+30),1,29:22:00,9,13,0.692,6,6,1,0,0,,0,0,0,7,2,0,2,2,24,22.6,23
34,34,1/4/2014,23-173,POR,,PHI,L (-2),1,35:00:00,6,20,0.3,1,6,0.167,4,4,1,1,1,2,1,0,2,6,2,17,1.7,-15
35,35,1/7/2014,23-176,POR,@,SAC,L (-4),1,37:54:00,13,24,0.542,7,13,0.538,8,8,1,0,7,7,4,0,1,6,5,41,27,-10
36,36,1/8/2014,23-177,POR,,ORL,W (+16),1,33:38:00,4,12,0.333,3,8,0.375,0,0,,0,7,7,2,0,1,1,0,11,7.4,13
37,37,1/11/2014,23-180,POR,,BOS,W (+8),1,34:23:00,5,15,0.333,1,4,0.25,4,5,0.8,0,2,2,6,1,0,2,4,15,8.3,8
38,38,1/15/2014,23-184,POR,,CLE,W (+12),1,35:52:00,10,20,0.5,5,10,0.5,3,4,0.75,0,6,6,5,2,0,0,2,28,24.1,10
39,39,1/17/2014,23-186,POR,@,SAS,W (+9),1,37:06:00,6,16,0.375,1,5,0.2,8,8,1,1,4,5,9,1,0,2,1,21,19,16
40,40,1/18/2014,23-187,POR,@,DAL,W (+16),1,30:56:00,3,8,0.375,2,6,0.333,6,6,1,0,5,5,10,0,0,1,3,14,15.9,28
41,41,1/20/2014,23-189,POR,@,HOU,L (-13),1,35:52:00,7,17,0.412,3,8,0.375,7,8,0.875,0,1,1,5,0,0,4,3,24,13.1,-14
42,42,1/21/2014,23-190,POR,@,OKC,L (-8),1,35:24:00,6,15,0.4,0,5,0,2,4,0.5,0,2,2,4,1,1,0,1,14,9.8,-2
43,43,1/23/2014,23-192,POR,,DEN,W (+5),1,36:37:00,5,10,0.5,0,4,0,1,1,1,0,2,2,3,0,2,3,3,11,5.9,2
44,44,1/25/2014,23-194,POR,,MIN,W (+11),1,32:41:00,5,17,0.294,1,4,0.25,3,3,1,0,1,1,5,1,0,3,2,14,5.1,-8
45,45,1/26/2014,23-195,POR,@,GSW,L (-15),1,34:10:00,5,16,0.313,2,7,0.286,4,6,0.667,1,2,3,4,0,1,2,2,16,8,-15
46,46,1/28/2014,23-197,POR,,MEM,L (-17),1,37:25:00,7,16,0.438,2,9,0.222,0,0,,1,0,1,3,0,0,3,2,16,6.6,-4
47,47,2/1/2014,23-201,POR,,TOR,W (+3),1,37:07:00,8,15,0.533,1,4,0.25,4,5,0.8,0,6,6,7,1,0,0,2,21,20.2,7
48,48,2/3/2014,23-203,POR,@,WAS,L (-10),1,37:29:00,8,19,0.421,2,7,0.286,7,7,1,1,5,6,8,0,0,3,3,25,18.5,-2
49,49,2/5/2014,23-205,POR,@,NYK,W (+4),1,38:05:00,4,12,0.333,1,6,0.167,3,5,0.6,1,4,5,4,1,0,4,0,12,6.1,4
50,50,2/7/2014,23-207,POR,@,IND,L (-5),1,44:48:00,15,26,0.577,4,7,0.571,4,5,0.8,0,3,3,11,0,0,3,5,38,29,-12
51,51,2/8/2014,23-208,POR,@,MIN,W (+7),1,30:47:00,3,10,0.3,1,4,0.25,7,7,1,1,4,5,4,1,1,3,5,14,9.6,8
52,52,2/11/2014,23-211,POR,,OKC,L (-3),1,36:52:00,5,15,0.333,1,7,0.143,5,6,0.833,0,3,3,7,1,0,1,1,16,12.5,5
53,53,2/12/2014,23-212,POR,@,LAC,L (-5),1,30:50:00,8,12,0.667,3,5,0.6,2,2,1,0,1,1,5,0,0,6,5,21,11.6,-3
54,54,2/19/2014,23-219,POR,,SAS,L (-2),1,38:23:00,13,21,0.619,1,3,0.333,4,5,0.8,1,3,4,6,0,0,2,3,31,23.7,9
55,55,2/21/2014,23-221,POR,,UTA,W (+8),1,37:03:00,11,28,0.393,2,5,0.4,4,4,1,0,2,2,7,1,0,2,1,28,16.9,14
56,56,2/23/2014,23-223,POR,,MIN,W (+11),1,29:46:00,11,17,0.647,5,8,0.625,5,5,1,0,2,2,5,0,0,1,5,32,25.6,3
57,57,2/25/2014,23-225,POR,@,DEN,W (+5),1,37:12:00,8,21,0.381,4,11,0.364,11,13,0.846,0,7,7,9,1,1,3,1,31,25.4,18
58,58,2/26/2014,23-226,POR,,BRK,W (+44),1,28:54:00,6,11,0.545,2,3,0.667,0,0,,0,1,1,0,1,0,2,2,14,7.2,16
59,59,3/1/2014,23-229,POR,,DEN,W (+6),1,35:04:00,7,13,0.538,0,5,0,3,3,1,1,4,5,2,3,0,1,1,17,15.6,3
60,60,3/3/2014,23-231,POR,,LAL,L (-1),1,35:18:00,8,19,0.421,3,8,0.375,1,4,0.25,1,4,5,5,0,0,4,1,20,9.7,0
61,61,3/5/2014,23-233,POR,,ATL,W (+24),1,24:56:00,4,9,0.444,2,5,0.4,2,2,1,0,4,4,7,1,0,1,2,12,12.6,18
62,62,3/7/2014,23-235,POR,@,DAL,L (-5),1,35:04:00,3,10,0.3,1,6,0.167,3,3,1,0,3,3,4,0,0,5,3,10,1.7,-7
63,63,3/9/2014,23-237,POR,@,HOU,L (-5),1,33:04:00,7,13,0.538,3,5,0.6,4,4,1,0,4,4,4,2,0,7,6,21,11.3,-2
64,64,3/11/2014,23-239,POR,@,MEM,L (-10),1,38:38:00,8,21,0.381,4,8,0.5,12,13,0.923,2,2,4,7,0,0,2,4,32,23.4,-8
65,65,3/12/2014,23-240,POR,@,SAS,L (-13),1,39:38:00,9,22,0.409,2,7,0.286,3,4,0.75,2,3,5,3,1,0,2,2,23,13.4,-9
66,66,3/14/2014,23-242,POR,@,NOP,W (+8),1,41:29:00,8,17,0.471,3,8,0.375,8,10,0.8,0,3,3,5,0,1,3,1,27,19.2,9
67,67,3/16/2014,23-244,POR,,GSW,L (-1),1,38:54:00,8,22,0.364,1,6,0.167,9,10,0.9,2,0,2,7,0,0,0,1,26,19.3,4
68,68,3/18/2014,23-246,POR,,MIL,W (+5),1,39:01:00,7,21,0.333,1,11,0.091,5,5,1,0,1,1,4,1,0,5,5,20,5.2,3
69,69,3/20/2014,23-248,POR,,WAS,W (+13),1,34:53:00,8,18,0.444,3,8,0.375,4,5,0.8,1,5,6,10,0,0,1,1,23,21,10
70,70,3/22/2014,23-250,POR,@,CHA,L (-30),1,31:38:00,7,19,0.368,3,6,0.5,3,3,1,0,2,2,4,0,0,0,0,20,12.9,-17
71,71,3/24/2014,23-252,POR,@,MIA,L (-2),1,40:18:00,3,15,0.2,1,8,0.125,12,14,0.857,1,3,4,6,2,0,1,2,19,14.9,-12
72,72,3/25/2014,23-253,POR,@,ORL,L (-10),1,36:00:00,5,17,0.294,0,4,0,7,8,0.875,0,0,0,2,1,0,3,3,17,4.9,-10
73,73,3/27/2014,23-255,POR,@,ATL,W (+15),1,34:11:00,7,15,0.467,4,9,0.444,3,4,0.75,0,6,6,4,0,0,2,4,21,13.9,9
74,74,3/28/2014,23-256,POR,@,CHI,W (+17),1,37:02:00,6,14,0.429,3,5,0.6,1,2,0.5,0,4,4,4,1,0,1,1,16,11.8,29
75,75,3/30/2014,23-258,POR,,MEM,W (+7),1,37:55:00,4,10,0.4,2,5,0.4,3,4,0.75,0,4,4,5,2,0,4,0,13,9.9,5
76,76,4/1/2014,23-260,POR,@,LAL,W (+12),1,35:31:00,10,22,0.455,5,10,0.5,9,9,1,0,2,2,8,3,0,2,3,34,28.6,24
77,77,4/4/2014,23-263,POR,,PHO,L (-16),1,37:50:00,5,13,0.385,2,6,0.333,3,6,0.5,0,2,2,7,1,0,2,4,15,9.6,0
78,78,4/6/2014,23-265,POR,,NOP,W (+6),1,38:38:00,9,19,0.474,0,2,0,2,3,0.667,0,6,6,5,3,0,1,1,20,16.8,14
79,79,4/9/2014,23-268,POR,,SAC,W (+1),1,37:06:00,6,11,0.545,3,7,0.429,4,5,0.8,1,4,5,10,0,0,5,3,19,16,-17
80,80,4/11/2014,23-270,POR,@,UTA,W (+12),1,37:10:00,4,10,0.4,4,6,0.667,4,4,1,0,1,1,6,1,0,1,1,16,14.7,14
81,81,4/13/2014,23-272,POR,,GSW,W (+2),1,43:35:00,3,13,0.231,2,6,0.333,5,6,0.833,1,2,3,5,1,1,3,4,13,6.6,-9
82,82,4/16/2014,23-275,POR,,LAC,W (+6),1,12:00,3,5,0.6,3,4,0.75,0,0,,0,0,0,2,1,0,0,1,9,8.7,8
1,1,10/31/2012,22-108,POR,,LAL,W (+10),1,34:59:00,7,17,0.412,1,4,0.25,8,8,1,0,3,3,11,1,0,6,2,23,16.7,16
2,2,11/2/2012,22-110,POR,@,OKC,L (-14),1,37:33:00,9,19,0.474,2,6,0.333,1,1,1,1,2,3,7,1,0,2,1,21,16.1,-9
3,3,11/3/2012,22-111,POR,@,HOU,W (+10),1,42:18:00,8,15,0.533,3,6,0.5,1,2,0.5,1,5,6,9,0,0,3,0,20,17.8,10
4,4,11/5/2012,22-113,POR,@,DAL,L (-23),1,32:47:00,2,13,0.154,1,8,0.125,8,8,1,1,2,3,5,1,0,1,2,13,8.7,-12
5,5,11/8/2012,22-116,POR,,LAC,L (-13),1,41:21:00,6,13,0.462,2,4,0.5,2,4,0.5,1,1,2,4,3,0,3,2,16,11.5,-9
6,6,11/10/2012,22-118,POR,,SAS,L (-3),1,37:49:00,8,16,0.5,4,8,0.5,0,1,0,1,2,3,6,2,0,4,3,20,13.9,1
7,7,11/12/2012,22-120,POR,,ATL,L (-8),1,38:36:00,5,18,0.278,2,7,0.286,0,0,,1,2,3,2,2,1,4,3,12,1.6,-20
8,8,11/13/2012,22-121,POR,@,SAC,W (+17),1,35:10:00,7,10,0.7,5,6,0.833,3,4,0.75,1,1,2,9,0,0,4,2,22,19.9,24
9,9,11/16/2012,22-124,POR,,HOU,W (+2),1,42:15:00,9,18,0.5,3,9,0.333,6,6,1,0,5,5,5,2,0,4,2,27,20.2,10
10,10,11/18/2012,22-126,POR,,CHI,W (+8),1,32:15:00,7,13,0.538,1,4,0.25,1,2,0.5,0,2,2,3,3,0,2,2,16,12.2,-5
11,11,11/21/2012,22-129,POR,@,PHO,L (-27),1,35:13:00,7,13,0.538,2,4,0.5,8,9,0.889,0,0,0,3,1,0,6,1,24,14,-16
12,12,11/23/2012,22-131,POR,,MIN,W (+8),1,37:07:00,11,17,0.647,4,8,0.5,2,4,0.5,0,4,4,8,0,1,0,0,28,27.2,10
13,13,11/25/2012,22-133,POR,@,BRK,L (-13),1,31:09:00,4,12,0.333,3,5,0.6,2,2,1,1,5,6,7,2,2,4,4,13,11.1,-12
14,14,11/26/2012,22-134,POR,@,DET,L (-7),1,36:53:00,4,18,0.222,1,5,0.2,3,3,1,1,2,3,7,1,0,3,4,12,3.6,-5
15,15,11/28/2012,22-136,POR,@,WAS,L (-2),1,42:34:00,6,21,0.286,4,9,0.444,4,4,1,2,0,2,5,2,0,2,1,20,12.2,2
16,16,11/30/2012,22-138,POR,@,BOS,L (-18),1,30:37:00,2,8,0.25,1,5,0.2,3,4,0.75,1,2,3,3,1,0,3,3,8,3,-12
17,17,12/1/2012,22-139,POR,@,CLE,W (+1),1,45:51:00,9,17,0.529,4,7,0.571,2,2,1,2,4,6,11,1,0,6,4,24,19.4,4
18,18,12/3/2012,22-141,POR,@,CHA,W (+6),1,42:52:00,6,16,0.375,1,8,0.125,11,14,0.786,1,2,3,9,1,0,3,4,24,18,11
19,19,12/5/2012,22-143,POR,@,IND,L (-7),1,42:40:00,9,15,0.6,1,5,0.2,4,5,0.8,0,3,3,6,0,0,0,3,23,19.6,-3
20,20,12/8/2012,22-146,POR,,SAC,L (-19),1,38:51:00,5,13,0.385,2,5,0.4,0,1,0,0,1,1,9,0,0,4,1,12,6.7,-16
21,21,12/10/2012,22-148,POR,,TOR,W (+18),1,35:30:00,2,14,0.143,0,5,0,5,5,1,1,4,5,6,0,0,2,0,9,4.1,16
22,22,12/13/2012,22-151,POR,,SAS,W (+8),1,40:29:00,11,22,0.5,2,6,0.333,5,5,1,0,7,7,6,0,0,2,3,29,21.1,6
23,23,12/16/2012,22-154,POR,,NOH,W (+1),1,38:35:00,5,14,0.357,4,10,0.4,2,2,1,0,2,2,4,1,1,1,3,16,11.1,-3
24,24,12/20/2012,22-158,POR,,DEN,W (+8),1,35:23:00,3,14,0.214,1,6,0.167,5,6,0.833,1,3,4,10,1,0,2,0,12,10.6,9
25,25,12/22/2012,22-160,POR,,PHO,W (+3),1,39:02:00,7,13,0.538,2,5,0.4,9,10,0.9,1,0,1,7,1,0,3,2,25,21.1,7
26,26,12/23/2012,22-161,POR,@,SAC,L (-12),1,35:54:00,6,14,0.429,3,6,0.5,0,0,,0,2,2,7,1,1,3,1,15,11.4,-3
27,27,12/26/2012,22-164,POR,,SAC,W (+18),1,37:47:00,7,14,0.5,3,5,0.6,0,0,,2,6,8,11,1,1,4,3,17,17.4,27
28,28,12/28/2012,22-166,POR,@,LAL,L (-17),1,37:28:00,4,17,0.235,1,4,0.25,2,2,1,0,2,2,4,1,0,3,2,11,1.3,-21
29,29,12/29/2012,22-167,POR,,PHI,W (+4),1,38:40:00,8,18,0.444,4,11,0.364,0,0,,0,0,0,0,0,1,1,3,20,9.1,1
30,30,1/1/2013,22-170,POR,@,NYK,W (+5),1,39:33:00,9,19,0.474,2,8,0.25,1,2,0.5,0,5,5,6,2,0,3,1,21,15.2,5
31,31,1/2/2013,22-171,POR,@,TOR,L (-23),1,37:23:00,6,13,0.462,1,5,0.2,5,6,0.833,1,4,5,7,0,0,7,2,18,9.9,-18
32,32,1/4/2013,22-173,POR,@,MEM,W (+2),1,37:59:00,5,14,0.357,1,4,0.25,0,0,,0,5,5,8,1,0,5,0,11,6.3,-1
33,33,1/5/2013,22-174,POR,@,MIN,W (+5),1,38:48:00,7,14,0.5,3,5,0.6,3,3,1,2,2,4,6,0,0,3,3,20,15,16
34,34,1/7/2013,22-176,POR,,ORL,W (+6),1,42:57:00,7,17,0.412,0,6,0,4,4,1,0,3,3,10,2,0,3,2,18,15,10
35,35,1/10/2013,22-179,POR,,MIA,W (+2),1,41:13:00,4,11,0.364,2,7,0.286,0,2,0,0,3,3,8,2,0,2,0,10,9.6,3
36,36,1/11/2013,22-180,POR,@,GSW,L (-6),1,42:40:00,15,25,0.6,7,12,0.583,0,0,,1,5,6,4,2,0,2,1,37,30.1,4
37,37,1/13/2013,22-182,POR,,OKC,L (-4),1,40:50:00,3,14,0.214,2,9,0.222,1,2,0.5,1,3,4,9,1,0,3,2,9,5.1,-2
38,38,1/15/2013,22-184,POR,@,DEN,L (-4),1,42:12:00,5,14,0.357,3,5,0.6,1,2,0.5,0,8,8,5,1,2,2,4,14,10.5,-5
39,39,1/16/2013,22-185,POR,,CLE,L (-5),1,36:14:00,3,9,0.333,1,5,0.2,6,8,0.75,0,1,1,7,1,0,2,3,13,10.1,-1
40,40,1/19/2013,22-188,POR,,MIL,L (-6),1,41:39:00,9,21,0.429,3,9,0.333,5,6,0.833,0,3,3,10,1,1,3,3,26,19.9,14
41,41,1/21/2013,22-190,POR,,WAS,L (-3),1,37:33:00,7,17,0.412,2,6,0.333,2,2,1,1,2,3,5,0,0,3,2,18,9.9,-10
42,42,1/23/2013,22-192,POR,,IND,W (+20),1,38:45:00,9,16,0.563,0,3,0,2,2,1,1,1,2,8,0,0,0,1,20,18.6,7
43,43,1/26/2013,22-195,POR,,LAC,W (+1),1,37:22:00,6,13,0.462,4,7,0.571,4,4,1,0,0,0,2,2,0,3,1,20,13.3,-1
44,44,1/27/2013,22-196,POR,@,LAC,L (-13),1,37:18:00,5,14,0.357,2,7,0.286,4,4,1,0,2,2,5,1,1,5,2,16,8.2,-14
45,45,1/29/2013,22-198,POR,,DAL,W (+2),1,40:18:00,3,11,0.273,2,6,0.333,2,2,1,0,1,1,8,1,0,3,3,10,6.2,6
46,46,2/1/2013,22-201,POR,@,UTA,L (-9),1,41:47:00,10,23,0.435,3,8,0.375,3,3,1,0,3,3,5,0,1,4,1,26,14.6,-3
47,47,2/2/2013,22-202,POR,,UTA,W (+6),1,40:22:00,9,17,0.529,3,5,0.6,2,2,1,0,3,3,8,0,0,4,3,23,16,2
48,48,2/4/2013,22-204,POR,@,MIN,W (+2),1,38:03:00,9,17,0.529,0,2,0,3,3,1,0,4,4,6,3,0,5,5,21,14.1,-8
49,49,2/6/2013,22-206,POR,@,DAL,L (-6),1,38:57:00,6,17,0.353,3,8,0.375,4,4,1,0,4,4,6,1,1,0,2,19,15.8,8
50,50,2/8/2013,22-208,POR,@,HOU,L (-15),1,33:26:00,7,13,0.538,2,5,0.4,2,3,0.667,0,3,3,6,0,0,2,2,18,13.6,-18
51,51,2/10/2013,22-210,POR,@,ORL,L (-6),1,40:19:00,1,16,0.063,0,8,0,2,2,1,0,3,3,12,1,1,4,0,4,0.2,-4
52,52,2/12/2013,22-212,POR,@,MIA,L (-13),1,38:57:00,10,18,0.556,3,8,0.375,10,11,0.909,0,1,1,3,0,0,4,2,33,21.6,-21
53,53,2/13/2013,22-213,POR,@,NOH,L (-36),1,35:21:00,4,15,0.267,0,2,0,4,4,1,0,2,2,4,1,0,3,3,12,3.3,-22
54,54,2/19/2013,22-219,POR,,PHO,L (-4),1,40:37:00,8,19,0.421,3,8,0.375,5,5,1,0,0,0,7,0,0,6,0,24,12.8,-3
55,55,2/22/2013,22-222,POR,@,LAL,L (-4),1,40:16:00,9,22,0.409,1,5,0.2,0,0,,0,3,3,7,1,0,1,3,19,11.8,-8
56,56,2/24/2013,22-224,POR,,BOS,W (+6),1,38:39:00,5,16,0.313,0,5,0,2,2,1,1,5,6,6,0,0,2,0,12,7.2,4
57,57,2/27/2013,22-227,POR,,DEN,L (-2),1,37:12:00,8,14,0.571,4,6,0.667,6,8,0.75,1,2,3,4,1,0,5,4,26,17.1,6
58,58,3/2/2013,22-230,POR,,MIN,W (+15),1,39:16:00,9,18,0.5,2,5,0.4,4,4,1,2,4,6,4,0,0,0,3,24,19.2,22
59,59,3/4/2013,22-232,POR,,CHA,W (+17),1,38:06:00,8,15,0.533,3,8,0.375,1,2,0.5,0,3,3,7,2,0,2,1,20,17.7,17
60,60,3/6/2013,22-234,POR,@,MEM,L (-6),1,36:17:00,8,16,0.5,2,6,0.333,2,3,0.667,0,0,0,4,1,0,2,2,20,12.6,-6
61,61,3/8/2013,22-236,POR,@,SAS,W (+30),1,39:59:00,12,20,0.6,3,4,0.75,8,8,1,1,2,3,9,2,0,0,3,35,34.2,33
62,62,3/10/2013,22-238,POR,@,NOH,L (-2),1,37:47:00,9,16,0.563,2,5,0.4,0,1,0,0,2,2,8,1,0,4,0,20,15.2,5
63,63,3/12/2013,22-240,POR,,MEM,L (-5),1,38:43:00,8,17,0.471,3,5,0.6,8,8,1,0,1,1,7,0,0,2,3,27,20.3,-4
64,64,3/14/2013,22-242,POR,,NYK,W (+15),1,40:11:00,11,18,0.611,4,11,0.364,0,1,0,1,1,2,10,2,0,1,3,26,25.2,25
65,65,3/16/2013,22-244,POR,,DET,W (+11),1,38:07:00,3,12,0.25,1,5,0.2,7,7,1,0,2,2,7,0,0,2,3,14,9.1,8
66,66,3/18/2013,22-246,POR,@,PHI,L (-1),1,41:57:00,10,20,0.5,5,7,0.714,2,3,0.667,2,5,7,7,0,0,4,3,27,19.2,2
67,67,3/19/2013,22-247,POR,@,MIL,L (-7),1,44:35:00,2,10,0.2,0,4,0,4,4,1,0,3,3,11,1,0,6,3,8,4.2,-3
68,68,3/21/2013,22-249,POR,@,CHI,W (+10),1,37:28:00,9,17,0.529,4,7,0.571,2,2,1,1,3,4,7,0,0,5,1,24,16.8,11
69,69,3/22/2013,22-250,POR,@,ATL,W (+11),1,38:36:00,8,16,0.5,4,5,0.8,2,2,1,0,3,3,4,0,0,2,3,22,14.5,13
70,70,3/24/2013,22-252,POR,@,OKC,L (-20),1,38:03:00,7,16,0.438,4,9,0.444,1,2,0.5,2,2,4,6,0,0,2,1,19,14,-11
71,71,3/27/2013,22-255,POR,,BRK,L (-18),1,34:22:00,4,12,0.333,3,5,0.6,4,5,0.8,1,3,4,3,0,0,5,0,15,6.5,-14
72,72,3/29/2013,22-257,POR,,UTA,L (-10),1,39:31:00,7,16,0.438,0,1,0,10,14,0.714,0,2,2,7,1,0,2,3,24,17.3,-15
73,73,3/30/2013,22-258,POR,@,GSW,L (-27),1,31:26:00,4,11,0.364,2,3,0.667,6,7,0.857,0,1,1,8,1,0,3,4,16,11.8,-8
74,74,4/1/2013,22-260,POR,@,UTA,L (-10),1,39:29:00,7,16,0.438,3,7,0.429,0,0,,0,5,5,5,0,1,2,2,17,11.5,-16
75,75,4/3/2013,22-262,POR,,MEM,L (-18),1,40:44:00,8,19,0.421,1,6,0.167,0,1,0,0,4,4,6,0,1,5,3,17,6.4,-14
76,76,4/5/2013,22-264,POR,,HOU,L (-18),1,40:23:00,4,12,0.333,1,2,0.5,2,3,0.667,2,1,3,7,2,0,3,1,11,9,-15
77,77,4/7/2013,22-266,POR,,DAL,L (-5),1,40:23:00,6,19,0.316,0,5,0,3,5,0.6,0,1,1,4,0,0,0,2,15,5.6,3
78,78,4/10/2013,22-269,POR,,LAL,L (-7),1,42:47:00,12,25,0.48,5,11,0.455,9,9,1,0,1,1,9,3,0,2,2,38,32.1,-1
79,79,4/12/2013,22-271,POR,,OKC,L (-16),1,37:13:00,3,14,0.214,1,5,0.2,3,4,0.75,1,2,3,8,1,0,1,4,10,6.3,-12
80,80,4/14/2013,22-273,POR,@,DEN,L (-9),1,39:35:00,10,17,0.588,4,10,0.4,6,7,0.857,0,5,5,6,1,2,8,2,30,21,-12
81,81,4/16/2013,22-275,POR,@,LAC,L (-16),1,40:02:00,4,12,0.333,2,7,0.286,2,3,0.667,0,3,3,8,0,0,4,2,12,6.5,-16
82,82,4/17/2013,22-276,POR,,GSW,L (-11),1,37:36:00,7,13,0.538,2,5,0.4,5,6,0.833,0,1,1,3,1,0,2,2,21,14.9,-8
