Rk,G,Date,Age,Tm,,Opp,,GS,MP,FG,FGA,FG%,3P,3PA,3P%,FT,FTA,FT%,ORB,DRB,TRB,AST,STL,BLK,TOV,PF,PTS,GmSc,PM
1,1,10/23/2019,23-095,PHI,,BOS,W (+14),1,34:59:00,11,16,0.688,0,0,,2,5,0.4,2,6,8,9,0,0,4,4,24,19.9,15
2,2,10/26/2019,23-098,PHI,@,DET,W (+6),1,35:14:00,5,13,0.385,0,0,,3,7,0.429,0,4,4,10,7,0,5,4,13,12.9,7
3,3,10/28/2019,23-100,PHI,@,ATL,W (+2),1,37:49:00,6,11,0.545,0,0,,1,2,0.5,1,5,6,6,1,1,4,4,13,9.8,-4
4,4,10/30/2019,23-102,PHI,,MIN,W (+22),1,32:43:00,7,13,0.538,0,0,,2,4,0.5,1,2,3,7,3,2,6,3,16,12.3,19
5,5,11/2/2019,23-105,PHI,@,POR,W (+1),1,36:26:00,7,16,0.438,0,0,,4,5,0.8,2,9,11,8,2,0,3,3,18,16.7,-10
6,6,11/4/2019,23-107,PHI,@,PHO,L (-5),1,35:37:00,2,8,0.25,0,0,,2,2,1,0,5,5,6,7,0,4,3,6,8.7,-2
7,7,11/6/2019,23-109,PHI,@,UTA,L (-2),1,10:05,1,2,0.5,0,0,,0,0,,0,1,1,2,1,0,0,0,2,3.7,-7
8,,11/8/2019,23-111,PHI,@,DEN,L (-3),Inactive,Inactive,Inactive,Inactive,Inactive,Inactive,Inactive,Inactive,Inactive,Inactive,Inactive,Inactive,Inactive,Inactive,Inactive,Inactive,Inactive,Inactive,Inactive,Inactive,Inactive,Inactive
9,,11/10/2019,23-113,PHI,,CHO,W (+8),Inactive,Inactive,Inactive,Inactive,Inactive,Inactive,Inactive,Inactive,Inactive,Inactive,Inactive,Inactive,Inactive,Inactive,Inactive,Inactive,Inactive,Inactive,Inactive,Inactive,Inactive,Inactive
10,8,11/12/2019,23-115,PHI,,CLE,W (+1),1,34:59:00,7,9,0.778,0,0,,1,3,0.333,1,4,5,6,2,2,4,3,15,15,4
11,9,11/13/2019,23-116,PHI,@,ORL,L (-15),1,35:17:00,9,12,0.75,0,0,,0,0,,2,6,8,5,0,0,2,4,18,16.3,-12
12,10,11/15/2019,23-118,PHI,@,OKC,L (-8),1,45:33:00,6,8,0.75,0,0,,4,6,0.667,7,4,11,8,1,0,5,6,16,17.3,-1
13,11,11/17/2019,23-120,PHI,@,CLE,W (+19),1,25:50:00,5,8,0.625,0,0,,0,0,,0,4,4,11,1,2,3,4,10,13.1,14
14,12,11/20/2019,23-123,PHI,,NYK,W (+5),1,41:46:00,7,9,0.778,1,1,1,3,4,0.75,1,6,7,13,1,1,1,2,18,25.6,10
15,13,11/22/2019,23-125,PHI,,SAS,W (+11),1,31:57:00,3,10,0.3,0,0,,4,8,0.5,1,9,10,13,2,1,5,5,10,10.8,10
16,14,11/23/2019,23-126,PHI,,MIA,W (+27),1,26:33:00,2,6,0.333,0,0,,0,0,,1,7,8,7,4,0,3,3,4,8.1,34
17,15,11/25/2019,23-128,PHI,@,TOR,L (-5),1,40:42:00,4,8,0.5,0,1,0,2,2,1,3,6,9,14,2,0,7,2,10,13.9,-8
18,16,11/27/2019,23-130,PHI,,SAC,W (+6),1,36:54:00,5,10,0.5,0,0,,0,0,,2,11,13,5,2,0,5,3,10,9,0
19,17,11/29/2019,23-132,PHI,@,NYK,W (+6),1,37:41:00,5,11,0.455,0,0,,5,10,0.5,1,4,5,8,2,0,4,4,15,11.2,0
20,18,11/30/2019,23-133,PHI,,IND,W (+3),1,37:46:00,4,13,0.308,0,1,0,7,7,1,1,5,6,13,4,1,3,3,15,19.3,1
21,19,12/2/2019,23-135,PHI,,UTA,W (+9),1,33:50:00,7,11,0.636,0,0,,0,4,0,3,5,8,9,4,0,3,4,14,16.8,19
22,20,12/5/2019,23-138,PHI,@,WAS,L (-6),1,35:59:00,8,10,0.8,0,0,,1,4,0.25,2,3,5,10,3,0,7,5,17,15.3,-4
23,21,12/7/2019,23-140,PHI,,CLE,W (+47),1,25:39:00,12,14,0.857,1,1,1,9,12,0.75,0,3,3,7,1,2,1,2,34,34.2,32
24,22,12/8/2019,23-141,PHI,,TOR,W (+6),1,39:10:00,8,11,0.727,0,0,,0,0,,3,8,11,9,0,0,5,2,16,16.5,4
25,23,12/10/2019,23-143,PHI,,DEN,W (+5),1,37:12:00,3,6,0.5,0,1,0,1,4,0.25,2,7,9,7,1,0,4,3,7,7,-2
26,24,12/12/2019,23-145,PHI,@,BOS,W (+6),1,36:29:00,2,6,0.333,0,0,,3,4,0.75,0,8,8,6,0,1,5,4,7,3.9,-2
27,25,12/13/2019,23-146,PHI,,NOP,W (+7),1,37:30:00,9,15,0.6,0,0,,6,10,0.6,1,2,3,11,3,2,1,2,24,27.1,6
28,26,12/15/2019,23-148,PHI,@,BRK,L (-20),1,28:47:00,7,10,0.7,0,0,,6,8,0.75,1,4,5,3,1,2,1,3,20,19.2,-11
29,27,12/18/2019,23-151,PHI,,MIA,L (-4),1,42:28:00,7,13,0.538,0,0,,3,4,0.75,1,5,6,6,2,1,3,4,17,14.8,4
30,28,12/20/2019,23-153,PHI,,DAL,L (-19),1,35:42:00,4,10,0.4,0,0,,4,7,0.571,2,4,6,8,3,0,5,3,12,10.4,-14
31,29,12/21/2019,23-154,PHI,,WAS,W (+17),1,32:52:00,5,10,0.5,0,0,,4,9,0.444,4,4,8,11,4,0,6,4,14,15.1,3
32,30,12/23/2019,23-156,PHI,@,DET,W (+16),1,37:15:00,8,14,0.571,0,0,,0,0,,6,7,13,17,0,0,4,4,16,22,20
33,31,12/25/2019,23-158,PHI,,MIL,W (+12),1,38:03:00,7,10,0.7,0,0,,1,2,0.5,1,6,7,14,3,2,2,3,15,23.9,9
34,32,12/27/2019,23-160,PHI,@,ORL,L (-1),1,39:06:00,5,11,0.455,0,0,,3,6,0.5,1,8,9,7,4,0,3,5,13,13.1,1
35,33,12/28/2019,23-161,PHI,@,MIA,L (-1),1,43:29:00,6,12,0.5,0,0,,3,6,0.5,3,4,7,11,3,1,1,4,15,19.9,-12
36,34,12/31/2019,23-164,PHI,@,IND,L (-18),1,31:58:00,6,11,0.545,0,0,,6,8,0.75,1,9,10,3,0,1,6,2,18,11.3,-23
37,35,1/3/2020,23-167,PHI,@,HOU,L (-10),1,42:12:00,13,20,0.65,0,0,,3,7,0.429,6,7,13,11,3,4,3,5,29,33.4,-8
38,36,1/6/2020,23-170,PHI,,OKC,W (+7),1,37:54:00,6,12,0.5,0,0,,5,6,0.833,4,11,15,8,1,0,2,4,17,19.7,18
39,37,1/9/2020,23-173,PHI,,BOS,W (+11),1,38:42:00,9,15,0.6,0,0,,1,4,0.25,2,7,9,3,1,0,3,1,19,14.1,4
40,38,1/11/2020,23-175,PHI,@,DAL,L (-18),1,37:00:00,5,11,0.455,0,0,,1,1,1,2,3,5,11,4,0,0,5,11,17.3,-19
41,39,1/13/2020,23-177,PHI,@,IND,L (-6),1,40:18:00,10,17,0.588,0,0,,4,4,1,3,11,14,3,1,0,2,3,24,21.4,2
42,40,1/15/2020,23-179,PHI,,BRK,W (+11),1,41:07:00,9,13,0.692,0,0,,2,7,0.286,2,4,6,11,1,1,4,5,20,18.5,8
43,41,1/17/2020,23-181,PHI,,CHI,W (+11),1,37:09:00,10,17,0.588,0,0,,0,0,,3,8,11,7,1,0,2,2,20,19.7,17
44,42,1/18/2020,23-182,PHI,@,NYK,W (+3),1,39:43:00,9,15,0.6,0,0,,3,8,0.375,3,4,7,8,2,0,0,1,21,22.6,-3
45,43,1/20/2020,23-184,PHI,@,BRK,W (+6),1,42:20:00,12,14,0.857,0,0,,10,14,0.714,2,10,12,12,5,2,3,3,34,42.4,13
46,44,1/22/2020,23-186,PHI,@,TOR,L (-12),1,37:58:00,5,7,0.714,0,0,,7,9,0.778,2,8,10,8,2,0,8,3,17,15.5,-14
47,45,1/25/2020,23-189,PHI,,LAL,W (+17),1,41:14:00,12,15,0.8,0,0,,4,6,0.667,3,7,10,8,4,0,5,3,28,29.1,15
48,46,1/28/2020,23-192,PHI,,GSW,W (+11),1,27:16:00,4,11,0.364,0,0,,9,10,0.9,0,4,4,5,1,0,2,2,17,13.4,-4
49,47,1/30/2020,23-194,PHI,@,ATL,L (-10),1,42:20:00,10,15,0.667,0,0,,11,13,0.846,4,2,6,5,4,0,3,2,31,30.8,-13
50,48,2/1/2020,23-196,PHI,@,BOS,L (-21),1,37:26:00,9,14,0.643,0,0,,5,9,0.556,2,7,9,5,1,0,4,2,23,18.4,-16
51,49,2/3/2020,23-198,PHI,@,MIA,L (-31),1,34:03:00,4,7,0.571,0,1,0,8,9,0.889,1,7,8,7,0,0,4,5,16,14,-31
52,50,2/6/2020,23-201,PHI,@,MIL,L (-11),1,41:32:00,5,6,0.833,0,0,,1,4,0.25,4,10,14,9,2,1,4,4,11,16.8,-13
53,51,2/7/2020,23-202,PHI,,MEM,W (+12),1,34:51:00,9,14,0.643,0,0,,4,5,0.8,0,4,4,10,3,1,7,3,22,19.1,23
54,52,2/9/2020,23-204,PHI,,CHI,W (+7),1,36:35:00,6,13,0.462,0,0,,7,10,0.7,3,7,10,10,4,0,7,3,19,18.1,-2
55,53,2/11/2020,23-206,PHI,,LAC,W (+7),1,42:43:00,12,22,0.545,0,0,,2,3,0.667,4,8,12,10,1,0,3,3,26,24,9
56,,2/20/2020,23-215,PHI,,BRK,W (+8),Inactive,Inactive,Inactive,Inactive,Inactive,Inactive,Inactive,Inactive,Inactive,Inactive,Inactive,Inactive,Inactive,Inactive,Inactive,Inactive,Inactive,Inactive,Inactive,Inactive,Inactive,Inactive
57,54,2/22/2020,23-217,PHI,@,MIL,L (-21),1,4:44,2,2,1,0,0,,1,2,0.5,1,1,2,1,0,1,1,0,5,5.4,-7
58,,2/24/2020,23-219,PHI,,ATL,W (+17),Inactive,Inactive,Inactive,Inactive,Inactive,Inactive,Inactive,Inactive,Inactive,Inactive,Inactive,Inactive,Inactive,Inactive,Inactive,Inactive,Inactive,Inactive,Inactive,Inactive,Inactive,Inactive
59,,2/26/2020,23-221,PHI,@,CLE,L (-14),Inactive,Inactive,Inactive,Inactive,Inactive,Inactive,Inactive,Inactive,Inactive,Inactive,Inactive,Inactive,Inactive,Inactive,Inactive,Inactive,Inactive,Inactive,Inactive,Inactive,Inactive,Inactive
60,,2/27/2020,23-222,PHI,,NYK,W (+9),Inactive,Inactive,Inactive,Inactive,Inactive,Inactive,Inactive,Inactive,Inactive,Inactive,Inactive,Inactive,Inactive,Inactive,Inactive,Inactive,Inactive,Inactive,Inactive,Inactive,Inactive,Inactive
61,,3/1/2020,23-225,PHI,@,LAC,L (-6),Inactive,Inactive,Inactive,Inactive,Inactive,Inactive,Inactive,Inactive,Inactive,Inactive,Inactive,Inactive,Inactive,Inactive,Inactive,Inactive,Inactive,Inactive,Inactive,Inactive,Inactive,Inactive
62,,3/3/2020,23-227,PHI,@,LAL,L (-13),Inactive,Inactive,Inactive,Inactive,Inactive,Inactive,Inactive,Inactive,Inactive,Inactive,Inactive,Inactive,Inactive,Inactive,Inactive,Inactive,Inactive,Inactive,Inactive,Inactive,Inactive,Inactive
63,,3/5/2020,23-229,PHI,@,SAC,W (+17),Inactive,Inactive,Inactive,Inactive,Inactive,Inactive,Inactive,Inactive,Inactive,Inactive,Inactive,Inactive,Inactive,Inactive,Inactive,Inactive,Inactive,Inactive,Inactive,Inactive,Inactive,Inactive
64,,3/7/2020,23-231,PHI,@,GSW,L (-4),Inactive,Inactive,Inactive,Inactive,Inactive,Inactive,Inactive,Inactive,Inactive,Inactive,Inactive,Inactive,Inactive,Inactive,Inactive,Inactive,Inactive,Inactive,Inactive,Inactive,Inactive,Inactive
65,,3/11/2020,23-235,PHI,,DET,W (+18),Inactive,Inactive,Inactive,Inactive,Inactive,Inactive,Inactive,Inactive,Inactive,Inactive,Inactive,Inactive,Inactive,Inactive,Inactive,Inactive,Inactive,Inactive,Inactive,Inactive,Inactive,Inactive
1,1,10/16/2018,22-088,PHI,@,BOS,L (-18),1,42:45:00,7,14,0.5,0,0,,5,10,0.5,3,12,15,8,4,2,3,5,19,21.7,-8
2,2,10/18/2018,22-090,PHI,,CHI,W (+19),1,33:42:00,5,8,0.625,0,0,,3,3,1,1,12,13,11,1,2,3,0,13,20.8,24
3,3,10/20/2018,22-092,PHI,,ORL,W (+1),1,7:41,2,3,0.667,0,0,,0,0,,0,0,0,4,0,0,0,2,4,4.7,-12
4,,10/23/2018,22-095,PHI,@,DET,L (-1),Inactive,Inactive,Inactive,Inactive,Inactive,Inactive,Inactive,Inactive,Inactive,Inactive,Inactive,Inactive,Inactive,Inactive,Inactive,Inactive,Inactive,Inactive,Inactive,Inactive,Inactive,Inactive
5,4,10/24/2018,22-096,PHI,@,MIL,L (-15),1,37:32:00,6,15,0.4,0,0,,2,6,0.333,3,10,13,11,1,0,3,5,14,13.1,-10
6,5,10/27/2018,22-099,PHI,,CHO,W (+2),1,32:11:00,5,20,0.25,0,0,,4,6,0.667,6,6,12,3,1,0,4,4,14,4.7,-6
7,6,10/29/2018,22-101,PHI,,ATL,W (+21),1,26:54:00,8,11,0.727,0,0,,5,5,1,5,7,12,9,0,1,2,3,21,25.9,19
8,7,10/30/2018,22-102,PHI,@,TOR,L (-17),1,34:09:00,4,9,0.444,0,0,,3,6,0.5,3,5,8,10,0,0,11,4,11,3.1,-12
9,8,11/1/2018,22-104,PHI,,LAC,W (+9),1,34:41:00,6,11,0.545,0,0,,2,2,1,1,2,3,11,1,0,2,3,14,15.5,-2
10,9,11/3/2018,22-106,PHI,,DET,W (+10),1,29:18:00,2,4,0.5,0,0,,5,6,0.833,1,4,5,5,5,0,2,5,9,13,5
11,10,11/4/2018,22-107,PHI,@,BRK,L (-25),1,27:29:00,8,11,0.727,0,0,,4,9,0.444,3,9,12,3,4,0,5,0,20,19.4,-15
12,11,11/7/2018,22-110,PHI,@,IND,W (+6),1,34:19:00,7,12,0.583,0,0,,2,4,0.5,0,10,10,8,0,2,1,3,16,17.4,0
13,12,11/9/2018,22-112,PHI,,CHO,W (+1),1,41:03:00,9,16,0.563,0,0,,4,6,0.667,3,6,9,13,2,3,3,4,22,26.1,-2
14,13,11/10/2018,22-113,PHI,@,MEM,L (-6),1,38:27:00,9,15,0.6,0,0,,0,0,,2,12,14,5,0,1,6,1,18,13.9,-17
15,14,11/12/2018,22-115,PHI,@,MIA,W (+10),1,35:13:00,5,7,0.714,0,0,,3,4,0.75,2,5,7,7,1,0,4,0,13,14.5,20
16,15,11/14/2018,22-117,PHI,@,ORL,L (-5),1,31:25:00,3,5,0.6,0,0,,3,5,0.6,0,3,3,6,0,1,1,3,9,9.5,-12
17,16,11/16/2018,22-119,PHI,,UTA,W (+6),1,35:59:00,4,9,0.444,0,0,,2,5,0.4,0,8,8,8,1,1,3,2,10,10,15
18,17,11/17/2018,22-120,PHI,@,CHO,W (+3),1,39:12:00,7,13,0.538,0,0,,9,11,0.818,1,10,11,9,2,0,4,2,23,23.1,1
19,18,11/19/2018,22-122,PHI,,PHO,W (+5),1,32:24:00,9,13,0.692,0,0,,1,6,0.167,2,9,11,9,1,0,4,2,19,18.1,-3
20,19,11/21/2018,22-124,PHI,,NOP,W (+1),1,35:22:00,9,18,0.5,0,0,,4,4,1,0,8,8,7,1,2,6,3,22,15.5,14
21,20,11/23/2018,22-126,PHI,,CLE,L (-9),1,36:51:00,10,12,0.833,0,0,,2,5,0.4,1,3,4,10,1,1,1,4,22,24.1,-14
22,21,11/25/2018,22-128,PHI,@,BRK,W (+2),1,38:14:00,5,13,0.385,0,0,,3,6,0.5,3,2,5,9,3,2,3,1,13,14.7,9
23,22,11/28/2018,22-131,PHI,,NYK,W (+26),1,24:01:00,5,9,0.556,0,0,,4,7,0.571,3,5,8,7,1,0,2,3,14,14.8,8
24,23,11/30/2018,22-133,PHI,,WAS,W (+25),1,25:26:00,5,5,1,0,0,,3,3,1,1,7,8,10,1,0,6,3,13,15.1,22
25,24,12/2/2018,22-135,PHI,,MEM,W (+8),1,37:05:00,8,10,0.8,0,0,,3,8,0.375,2,10,12,6,2,0,3,4,19,19.2,5
26,25,12/5/2018,22-138,PHI,@,TOR,L (-11),1,34:27:00,4,6,0.667,0,0,,0,0,,2,8,10,11,1,0,7,4,8,9.3,1
27,26,12/7/2018,22-140,PHI,@,DET,W (+6),1,40:29:00,8,11,0.727,0,0,,2,2,1,3,10,13,6,1,3,4,3,18,20.7,4
28,27,12/10/2018,22-143,PHI,,DET,W (+14),1,29:56:00,8,11,0.727,0,0,,2,9,0.222,4,6,10,7,2,1,2,0,18,20.9,21
29,28,12/12/2018,22-145,PHI,,BRK,L (-3),1,35:24:00,9,15,0.6,0,0,,4,5,0.8,3,5,8,7,4,2,3,3,22,24.4,-2
30,29,12/14/2018,22-147,PHI,,IND,L (-12),1,37:50:00,7,15,0.467,0,0,,4,8,0.5,2,7,9,4,2,1,3,3,18,13.5,-13
31,30,12/16/2018,22-149,PHI,@,CLE,W (+23),1,31:58:00,9,15,0.6,0,0,,4,5,0.8,4,7,11,14,1,0,0,4,22,28.8,23
32,31,12/17/2018,22-150,PHI,@,SAS,L (-27),1,29:26:00,7,10,0.7,0,0,,2,2,1,0,6,6,6,0,0,3,2,16,14,-27
33,32,12/19/2018,22-152,PHI,,NYK,W (+22),1,30:39:00,5,10,0.5,0,0,,3,4,0.75,3,9,12,10,1,1,3,0,13,18.1,9
34,33,12/22/2018,22-155,PHI,,TOR,W (+25),1,33:30:00,11,13,0.846,0,0,,4,6,0.667,1,11,12,8,0,1,1,2,26,29,17
35,34,12/25/2018,22-158,PHI,@,BOS,L (-7),1,37:58:00,4,9,0.444,0,0,,3,7,0.429,4,10,14,8,0,0,4,4,11,10.5,-17
36,35,12/27/2018,22-160,PHI,@,UTA,W (+17),1,31:13:00,6,13,0.462,0,0,,1,2,0.5,6,8,14,12,3,1,7,1,13,17.2,8
37,36,12/30/2018,22-163,PHI,@,POR,L (-34),1,24:36:00,7,12,0.583,0,0,,5,10,0.5,0,3,3,3,1,0,2,3,19,12.2,-7
38,37,1/1/2019,22-165,PHI,@,LAC,W (+6),1,32:50:00,6,13,0.462,0,0,,2,6,0.333,1,8,9,8,1,1,4,3,14,10.9,-1
39,38,1/2/2019,22-166,PHI,@,PHO,W (+5),1,40:18:00,7,11,0.636,0,0,,15,23,0.652,0,3,3,7,0,1,4,3,29,22.2,10
40,39,1/5/2019,22-169,PHI,,DAL,W (+6),1,35:48:00,9,16,0.563,0,0,,2,6,0.333,3,10,13,11,0,0,4,2,20,18.8,12
41,40,1/8/2019,22-172,PHI,,WAS,W (+17),1,27:44:00,8,15,0.533,0,0,,1,2,0.5,2,3,5,9,3,0,2,1,17,18.5,17
42,41,1/9/2019,22-173,PHI,@,WAS,L (-17),1,34:47:00,7,15,0.467,0,0,,1,4,0.25,3,7,10,8,2,0,7,1,15,10.5,-16
43,42,1/11/2019,22-175,PHI,,ATL,L (-2),1,43:07:00,10,13,0.769,0,0,,3,7,0.429,3,7,10,15,2,1,3,3,23,29.5,-12
44,43,1/13/2019,22-177,PHI,@,NYK,W (+3),1,37:00:00,10,13,0.769,0,0,,0,2,0,5,17,22,9,0,0,2,4,20,25.4,7
45,44,1/15/2019,22-179,PHI,,MIN,W (+42),1,26:21:00,7,10,0.7,0,0,,6,7,0.857,3,8,11,9,1,3,3,1,20,25.9,24
46,45,1/17/2019,22-181,PHI,@,IND,W (+24),1,33:21:00,5,10,0.5,0,0,,1,2,0.5,1,7,8,8,1,1,6,2,11,8.9,13
47,46,1/19/2019,22-183,PHI,,OKC,L (-2),1,36:23:00,8,12,0.667,0,0,,4,8,0.5,5,9,14,9,0,1,6,3,20,19.2,-9
48,47,1/21/2019,22-185,PHI,,HOU,W (+28),1,27:40:00,3,12,0.25,0,0,,3,4,0.75,1,5,6,6,1,2,2,2,9,7.4,18
49,48,1/23/2019,22-187,PHI,,SAS,W (+2),1,35:23:00,9,14,0.643,0,0,,3,4,0.75,2,8,10,15,1,0,3,2,21,25.9,2
50,49,1/26/2019,22-190,PHI,@,DEN,L (-16),1,35:12:00,6,17,0.353,0,1,0,7,10,0.7,1,11,12,4,0,0,3,3,19,10.9,-11
51,50,1/29/2019,22-193,PHI,@,LAL,W (+16),1,36:40:00,9,18,0.5,0,0,,1,1,1,3,5,8,6,3,1,2,2,19,18.7,8
52,51,1/31/2019,22-195,PHI,@,GSW,W (+9),1,38:24:00,10,13,0.769,0,0,,6,9,0.667,5,3,8,6,3,1,4,3,26,26.8,9
53,52,2/2/2019,22-197,PHI,@,SAC,L (-7),1,41:57:00,9,14,0.643,0,0,,4,6,0.667,2,6,8,4,1,0,3,1,22,18.6,-13
54,53,2/5/2019,22-200,PHI,,TOR,L (-12),1,44:12:00,8,15,0.533,0,0,,4,5,0.8,2,5,7,6,3,0,6,1,20,16,-3
55,54,2/8/2019,22-203,PHI,,DEN,W (+7),1,33:49:00,5,10,0.5,0,1,0,2,3,0.667,2,2,4,6,0,0,9,1,12,3.4,2
56,55,2/10/2019,22-205,PHI,,LAL,W (+23),1,29:12:00,3,13,0.231,0,1,0,2,2,1,0,3,3,7,1,1,2,2,8,4.8,6
57,56,2/12/2019,22-207,PHI,,BOS,L (-3),1,34:59:00,7,9,0.778,0,0,,2,7,0.286,1,4,5,5,2,0,3,1,16,14.5,1
58,57,2/13/2019,22-208,PHI,@,NYK,W (+15),1,33:43:00,5,7,0.714,0,0,,8,14,0.571,1,3,4,7,1,1,5,4,18,14.3,7
59,58,2/21/2019,22-216,PHI,,MIA,W (+4),1,38:01:00,9,19,0.474,0,0,,3,7,0.429,2,5,7,4,1,1,2,1,21,14.7,-3
60,59,2/23/2019,22-218,PHI,,POR,L (-15),1,36:04:00,11,17,0.647,0,0,,7,8,0.875,1,6,7,10,0,0,4,3,29,25.4,-20
61,60,2/25/2019,22-220,PHI,@,NOP,W (+1),1,34:05:00,7,16,0.438,0,1,0,0,0,,4,8,12,2,1,1,3,2,14,10.1,-5
62,61,2/28/2019,22-223,PHI,@,OKC,W (+4),1,41:04:00,5,9,0.556,0,0,,1,4,0.25,3,10,13,11,2,2,4,5,11,15.7,0
63,62,3/2/2019,22-225,PHI,,GSW,L (-3),1,40:44:00,10,15,0.667,0,0,,5,6,0.833,2,13,15,11,3,0,9,3,25,23.9,-11
64,63,3/5/2019,22-228,PHI,,ORL,W (+8),1,40:21:00,6,15,0.4,0,0,,4,5,0.8,4,9,13,8,2,1,2,2,16,18.5,6
65,64,3/6/2019,22-229,PHI,@,CHI,L (-1),1,35:04:00,7,14,0.5,0,0,,4,5,0.8,3,8,11,7,4,0,5,3,18,17.8,-5
66,65,3/8/2019,22-231,PHI,@,HOU,L (-16),1,33:31:00,6,15,0.4,0,0,,3,3,1,3,6,9,10,2,1,7,4,15,11.9,-15
67,66,3/10/2019,22-233,PHI,,IND,W (+17),1,34:59:00,6,10,0.6,0,0,,3,5,0.6,0,4,4,6,1,0,1,5,15,13,19
68,67,3/12/2019,22-235,PHI,,CLE,W (+7),1,37:40:00,10,16,0.625,0,0,,6,8,0.75,3,7,10,8,1,0,2,4,26,25.2,11
69,68,3/15/2019,22-238,PHI,,SAC,W (+9),1,35:44:00,8,12,0.667,0,0,,2,2,1,1,1,2,5,1,0,0,2,18,17.5,-4
70,69,3/17/2019,22-240,PHI,@,MIL,W (+5),1,34:48:00,4,8,0.5,0,0,,0,2,0,4,5,9,9,0,0,3,3,8,9.6,-6
71,70,3/19/2019,22-242,PHI,@,CHO,W (+4),1,38:29:00,11,12,0.917,0,0,,6,10,0.6,0,8,8,5,1,2,1,2,28,28.9,6
72,71,3/20/2019,22-243,PHI,,BOS,W (+3),1,42:24:00,5,9,0.556,0,0,,3,4,0.75,3,5,8,7,3,2,2,3,13,18,12
73,72,3/23/2019,22-246,PHI,@,ATL,L (-2),1,35:02:00,9,16,0.563,0,0,,3,4,0.75,1,5,6,9,4,2,2,4,21,23.3,1
74,,3/25/2019,22-248,PHI,@,ORL,L (-21),Inactive,Inactive,Inactive,Inactive,Inactive,Inactive,Inactive,Inactive,Inactive,Inactive,Inactive,Inactive,Inactive,Inactive,Inactive,Inactive,Inactive,Inactive,Inactive,Inactive,Inactive,Inactive
75,73,3/28/2019,22-251,PHI,,BRK,W (+13),1,29:56:00,7,14,0.5,0,0,,2,4,0.5,2,2,4,8,1,0,3,6,16,11.4,14
76,74,3/30/2019,22-253,PHI,@,MIN,W (+9),1,36:18:00,8,11,0.727,0,1,0,4,6,0.667,0,11,11,9,2,1,5,3,20,20.8,20
77,75,4/1/2019,22-255,PHI,@,DAL,L (-20),1,31:31:00,5,15,0.333,0,1,0,7,11,0.636,2,5,7,5,0,3,3,3,17,11.2,-21
78,76,4/3/2019,22-257,PHI,@,ATL,L (-8),1,33:17:00,6,17,0.353,0,0,,3,8,0.375,5,11,16,8,4,1,3,5,15,15.6,6
79,77,4/4/2019,22-258,PHI,,MIL,L (-6),1,36:19:00,3,5,0.6,0,0,,0,0,,0,4,4,13,0,1,4,3,6,9.5,-7
80,78,4/6/2019,22-260,PHI,@,CHI,W (+20),1,26:15:00,6,10,0.6,0,0,,2,5,0.4,3,1,4,4,2,1,1,0,14,15.1,13
81,79,4/9/2019,22-263,PHI,@,MIA,L (-23),1,21:03,7,12,0.583,0,0,,2,2,1,2,2,4,1,2,0,4,3,16,9.9,-11
82,,4/10/2019,22-264,PHI,,CHI,W (+16),Inactive,Inactive,Inactive,Inactive,Inactive,Inactive,Inactive,Inactive,Inactive,Inactive,Inactive,Inactive,Inactive,Inactive,Inactive,Inactive,Inactive,Inactive,Inactive,Inactive,Inactive,Inactive
1,1,10/18/2017,21-090,PHI,@,WAS,L (-5),1,34:40:00,7,14,0.5,0,0,,4,6,0.667,3,7,10,5,2,1,1,3,18,18.4,3
2,2,10/20/2017,21-092,PHI,,BOS,L (-10),1,36:54:00,4,11,0.364,0,0,,3,6,0.5,3,8,11,5,1,0,4,2,11,7.9,-7
3,3,10/21/2017,21-093,PHI,@,TOR,L (-34),1,33:23:00,7,16,0.438,0,2,0,4,8,0.5,1,9,10,8,0,0,3,0,18,14,-20
4,4,10/23/2017,21-095,PHI,@,DET,W (+11),1,33:36:00,8,11,0.727,0,0,,5,6,0.833,2,10,12,10,1,0,4,2,21,23.7,12
5,5,10/25/2017,21-097,PHI,,HOU,L (-1),1,34:04:00,7,17,0.412,0,1,0,0,2,0,2,5,7,9,3,1,4,2,14,12.2,-13
6,6,10/28/2017,21-100,PHI,@,DAL,W (+2),1,33:38:00,10,15,0.667,0,0,,3,4,0.75,2,5,7,8,3,1,1,3,23,26.1,-1
7,7,10/30/2017,21-102,PHI,@,HOU,W (+8),1,38:34:00,10,15,0.667,0,1,0,4,9,0.444,1,6,7,9,0,0,5,3,24,18.1,10
8,8,11/1/2017,21-104,PHI,,ATL,W (+10),1,33:30:00,8,16,0.5,0,1,0,3,6,0.5,4,9,13,9,2,0,4,2,19,18.8,14
9,9,11/3/2017,21-106,PHI,,IND,W (+11),1,38:32:00,5,13,0.385,0,0,,4,4,1,2,9,11,11,2,3,5,3,14,16.6,12
10,10,11/7/2017,21-110,PHI,@,UTA,W (+7),1,36:04:00,7,22,0.318,0,1,0,2,2,1,1,12,13,6,3,3,6,5,16,9,2
11,11,11/9/2017,21-112,PHI,@,SAC,L (-1),1,26:53:00,6,8,0.75,0,0,,6,8,0.75,0,2,2,6,2,0,4,5,18,14.8,4
12,12,11/11/2017,21-114,PHI,@,GSW,L (-21),1,28:52:00,6,17,0.353,0,0,,1,4,0.25,3,2,5,8,2,0,4,1,13,8.2,-10
13,13,11/13/2017,21-116,PHI,@,LAC,W (+4),1,37:33:00,9,14,0.643,0,1,0,4,6,0.667,4,8,12,4,1,1,5,5,22,17.7,7
14,14,11/15/2017,21-118,PHI,@,LAL,W (+6),1,39:06:00,8,13,0.615,0,0,,2,4,0.5,3,6,9,10,5,1,1,1,18,26.5,19
15,15,11/18/2017,21-121,PHI,,GSW,L (-8),1,37:46:00,11,15,0.733,0,0,,1,2,0.5,2,6,8,12,1,0,1,3,23,26.9,7
16,16,11/20/2017,21-123,PHI,,UTA,W (+21),1,34:16:00,13,24,0.542,0,0,,1,4,0.25,2,8,10,2,4,0,4,2,27,18.6,6
17,17,11/22/2017,21-125,PHI,,POR,W (+20),1,39:04:00,8,20,0.4,0,0,,0,2,0,0,8,8,9,3,2,3,1,16,14.1,18
18,,11/25/2017,21-128,PHI,,ORL,W (+19),Did Not Dress,Did Not Dress,Did Not Dress,Did Not Dress,Did Not Dress,Did Not Dress,Did Not Dress,Did Not Dress,Did Not Dress,Did Not Dress,Did Not Dress,Did Not Dress,Did Not Dress,Did Not Dress,Did Not Dress,Did Not Dress,Did Not Dress,Did Not Dress,Did Not Dress,Did Not Dress,Did Not Dress,Did Not Dress
19,18,11/27/2017,21-130,PHI,,CLE,L (-22),1,35:09:00,5,11,0.455,0,0,,0,0,,3,5,8,2,3,1,4,3,10,7.8,-16
20,19,11/29/2017,21-132,PHI,,WAS,W (+5),1,40:36:00,8,16,0.5,0,1,0,15,29,0.517,5,13,18,4,2,2,6,3,31,23.8,11
21,20,11/30/2017,21-133,PHI,@,BOS,L (-11),1,39:56:00,6,14,0.429,0,0,,3,4,0.75,4,2,6,7,5,0,5,1,15,15.1,-10
22,21,12/2/2017,21-135,PHI,,DET,W (+5),1,39:11:00,2,6,0.333,0,0,,1,2,0.5,3,7,10,6,0,2,4,3,5,5.8,6
23,22,12/4/2017,21-137,PHI,,PHO,L (-14),1,36:13:00,9,18,0.5,0,0,,2,2,1,1,7,8,7,6,0,3,3,20,20.5,-10
24,23,12/7/2017,21-140,PHI,,LAL,L (-3),1,42:34:00,6,14,0.429,0,0,,0,2,0,0,12,12,15,0,1,4,4,12,13,9
25,24,12/9/2017,21-142,PHI,@,CLE,L (-7),1,35:32:00,7,13,0.538,0,0,,0,0,,0,6,6,10,1,1,7,3,14,10,-6
26,25,12/10/2017,21-143,PHI,@,NOP,L (-7),1,35:53:00,10,16,0.625,0,0,,7,9,0.778,2,3,5,10,0,1,5,4,27,22.4,-4
27,26,12/12/2017,21-145,PHI,@,MIN,W (+6),1,40:20:00,3,8,0.375,0,0,,1,3,0.333,0,3,3,8,1,0,7,0,7,2.3,3
28,27,12/15/2017,21-148,PHI,,OKC,L (-2),1,51:34:00,6,10,0.6,0,0,,0,2,0,1,8,9,11,4,0,3,5,12,16.4,-3
29,28,12/18/2017,21-151,PHI,@,CHI,L (-2),1,34:57:00,9,18,0.5,0,1,0,1,5,0.2,4,7,11,10,0,4,3,2,19,19.3,1
30,29,12/19/2017,21-152,PHI,,SAC,L (-6),1,32:48:00,5,6,0.833,0,0,,3,5,0.6,1,11,12,9,3,0,4,3,13,18.1,0
31,30,12/21/2017,21-154,PHI,,TOR,L (-5),1,33:23:00,9,14,0.643,0,0,,2,5,0.4,2,4,6,4,0,1,7,3,20,10.5,-8
32,31,12/23/2017,21-156,PHI,@,TOR,L (-16),1,32:37:00,5,13,0.385,0,0,,0,2,0,2,3,5,6,1,0,3,2,10,5.8,-8
33,32,12/25/2017,21-158,PHI,@,NYK,W (+7),1,32:59:00,4,8,0.5,0,0,,0,2,0,1,7,8,3,1,1,2,3,8,6.6,-4
34,33,12/28/2017,21-161,PHI,@,POR,L (-4),1,33:51:00,7,17,0.412,0,0,,3,3,1,1,3,4,8,1,0,3,4,17,11.5,5
35,34,12/30/2017,21-163,PHI,@,DEN,W (+5),1,32:04:00,3,9,0.333,0,0,,0,0,,1,5,6,6,0,1,5,5,6,1,-11
36,35,12/31/2017,21-164,PHI,@,PHO,W (+13),1,32:07:00,7,11,0.636,0,0,,7,11,0.636,0,9,9,6,3,3,5,5,21,19.5,9
37,36,1/3/2018,21-167,PHI,,SAS,W (+6),1,33:42:00,8,18,0.444,0,1,0,10,15,0.667,1,4,5,4,3,1,4,3,26,17.8,2
38,37,1/5/2018,21-169,PHI,,DET,W (+36),1,23:01,9,13,0.692,0,0,,1,1,1,2,2,4,9,2,2,4,4,19,19.6,14
39,38,1/11/2018,21-175,PHI,,BOS,L (-11),1,28:32:00,8,12,0.667,0,0,,0,0,,0,2,2,3,2,2,3,2,16,13.1,-17
40,39,1/15/2018,21-179,PHI,,TOR,W (+6),1,27:16:00,5,10,0.5,0,0,,2,4,0.5,0,1,1,4,2,2,6,5,12,4.7,1
41,40,1/18/2018,21-182,PHI,@,BOS,W (+9),1,34:09:00,4,9,0.444,0,0,,0,0,,2,5,7,4,1,0,3,3,8,5.8,-3
42,41,1/20/2018,21-184,PHI,,MIL,W (+22),1,30:32:00,8,13,0.615,0,0,,0,0,,1,7,8,9,1,0,4,4,16,14.6,12
43,42,1/22/2018,21-186,PHI,@,MEM,L (-4),1,35:02:00,3,8,0.375,0,0,,0,0,,1,2,3,7,1,0,4,5,6,2.8,6
44,43,1/24/2018,21-188,PHI,,CHI,W (+14),1,38:47:00,6,15,0.4,0,0,,7,10,0.7,3,14,17,14,0,2,6,4,19,19.6,18
45,44,1/26/2018,21-190,PHI,@,SAS,W (+19),1,33:43:00,10,11,0.909,0,0,,1,2,0.5,1,4,5,7,2,1,3,1,21,23,20
46,45,1/28/2018,21-192,PHI,@,OKC,L (-10),1,39:17:00,10,14,0.714,0,0,,2,6,0.333,1,3,4,7,1,1,1,1,22,21.4,-12
47,46,1/29/2018,21-193,PHI,@,MIL,L (-12),1,29:27:00,7,10,0.7,0,0,,2,3,0.667,0,6,6,5,1,0,2,3,16,14.5,-8
48,47,1/31/2018,21-195,PHI,@,BRK,L (-8),1,37:54:00,11,16,0.688,0,0,,2,2,1,1,1,2,7,1,0,1,1,24,22.7,2
49,48,2/2/2018,21-197,PHI,,MIA,W (+6),1,35:08:00,8,13,0.615,0,0,,4,4,1,2,4,6,5,2,1,0,1,20,22.5,11
50,49,2/3/2018,21-198,PHI,@,IND,L (-8),1,35:13:00,4,13,0.308,0,0,,2,6,0.333,5,6,11,6,1,0,0,3,10,10.2,2
51,50,2/6/2018,21-201,PHI,,WAS,W (+13),1,35:37:00,6,8,0.75,0,0,,3,5,0.6,3,3,6,8,3,1,5,2,15,17.5,9
52,51,2/9/2018,21-204,PHI,,NOP,W (+18),1,25:08:00,3,11,0.273,0,0,,4,4,1,2,7,9,8,3,1,4,1,10,11.9,20
53,52,2/10/2018,21-205,PHI,,LAC,W (+14),1,35:26:00,7,13,0.538,0,0,,0,1,0,1,4,5,10,2,1,4,2,14,14.1,13
54,53,2/12/2018,21-207,PHI,,NYK,W (+16),1,32:44:00,6,8,0.75,0,0,,1,2,0.5,1,5,6,6,4,3,3,2,13,18.1,10
55,54,2/14/2018,21-209,PHI,,MIA,W (+2),1,36:28:00,8,15,0.533,0,0,,2,5,0.4,4,8,12,10,4,0,4,1,18,21.3,4
56,55,2/22/2018,21-217,PHI,@,CHI,W (+1),1,34:12:00,13,18,0.722,0,0,,6,11,0.545,3,4,7,11,1,1,2,1,32,32.9,15
57,56,2/24/2018,21-219,PHI,,ORL,W (+11),1,28:34:00,7,11,0.636,0,0,,3,4,0.75,1,3,4,7,1,0,2,2,17,16.4,6
58,57,2/25/2018,21-220,PHI,@,WAS,L (-15),1,36:46:00,6,12,0.5,0,0,,4,6,0.667,4,4,8,8,1,1,2,3,16,17.3,-9
59,58,2/27/2018,21-222,PHI,@,MIA,L (-1),1,33:24:00,4,9,0.444,0,0,,3,6,0.5,1,5,6,6,0,1,4,4,11,6.6,-11
60,59,3/1/2018,21-224,PHI,@,CLE,W (+11),1,31:49:00,8,14,0.571,0,0,,2,2,1,1,8,9,8,2,1,2,5,18,18.8,11
61,60,3/2/2018,21-225,PHI,,CHO,W (+11),1,34:06:00,6,10,0.6,0,0,,3,4,0.75,1,7,8,7,0,1,3,1,15,15,10
62,61,3/4/2018,21-227,PHI,@,MIL,L (-8),1,35:06:00,6,9,0.667,0,0,,0,0,,1,4,5,15,0,2,6,2,12,15.1,7
63,62,3/6/2018,21-229,PHI,@,CHO,W (+14),1,32:55:00,8,9,0.889,0,0,,0,0,,1,7,8,13,0,0,1,1,16,23.4,16
64,63,3/8/2018,21-231,PHI,@,MIA,L (-9),1,35:09:00,5,10,0.5,0,0,,0,0,,2,6,8,8,3,2,5,2,10,12.4,-7
65,64,3/11/2018,21-234,PHI,@,BRK,W (+23),1,28:39:00,4,9,0.444,0,0,,3,4,0.75,1,5,6,6,0,0,1,3,11,10.1,6
66,65,3/13/2018,21-236,PHI,,IND,L (-3),1,30:04:00,4,10,0.4,0,0,,2,2,1,1,12,13,10,0,0,2,3,10,12.7,-2
67,66,3/15/2018,21-238,PHI,@,NYK,W (+8),1,33:26:00,5,11,0.455,0,0,,3,8,0.375,3,7,10,12,1,0,5,2,13,13.1,5
68,67,3/16/2018,21-239,PHI,,BRK,W (+4),1,37:03:00,10,17,0.588,0,0,,1,4,0.25,4,4,8,12,3,0,2,4,21,23.7,4
69,68,3/19/2018,21-242,PHI,,CHO,W (+14),1,33:01:00,4,9,0.444,0,0,,3,4,0.75,3,9,12,15,3,0,0,0,11,24.2,30
70,69,3/21/2018,21-244,PHI,,MEM,W (+14),1,24:44:00,6,9,0.667,0,0,,1,1,1,1,6,7,9,2,0,3,1,13,16.5,28
71,70,3/22/2018,21-245,PHI,@,ORL,W (+20),1,26:32:00,3,4,0.75,0,0,,0,2,0,0,11,11,10,3,1,4,3,6,12.4,23
72,71,3/24/2018,21-247,PHI,,MIN,W (+12),1,29:46:00,5,9,0.556,0,0,,5,8,0.625,2,10,12,13,2,0,4,2,15,20.2,27
73,72,3/26/2018,21-249,PHI,,DEN,W (+19),1,33:36:00,3,8,0.375,0,1,0,1,2,0.5,6,7,13,11,0,1,1,4,7,14.3,3
74,73,3/28/2018,21-251,PHI,,NYK,W (+17),1,34:25:00,6,7,0.857,0,0,,1,4,0.25,2,6,8,10,0,1,4,1,13,15.8,9
75,74,3/30/2018,21-253,PHI,@,ATL,W (+10),1,26:30:00,6,11,0.545,0,0,,1,3,0.333,0,12,12,11,1,2,2,2,13,17.8,21
76,75,4/1/2018,21-255,PHI,@,CHO,W (+17),1,31:52:00,10,17,0.588,0,0,,0,0,,1,7,8,15,3,2,1,0,20,28.8,21
77,76,4/3/2018,21-257,PHI,,BRK,W (+26),1,25:14:00,7,10,0.7,0,0,,1,2,0.5,1,11,12,6,1,0,4,2,15,14.8,21
78,77,4/4/2018,21-258,PHI,@,DET,W (+7),1,32:06:00,7,10,0.7,0,0,,2,4,0.5,0,6,6,7,1,0,2,1,16,16.3,-2
79,78,4/6/2018,21-260,PHI,,CLE,W (+2),1,36:08:00,12,17,0.706,0,0,,3,5,0.6,3,12,15,13,4,1,3,4,27,34,-3
80,79,4/8/2018,21-262,PHI,,DAL,W (+12),1,30:35:00,7,10,0.7,0,0,,2,6,0.333,2,5,7,9,4,1,3,3,16,19.9,15
81,80,4/10/2018,21-264,PHI,@,ATL,W (+8),1,28:53:00,5,9,0.556,0,0,,4,8,0.5,1,9,10,6,2,1,6,6,14,10,-4
82,81,4/11/2018,21-265,PHI,,MIL,W (+35),1,22:04,1,6,0.167,0,0,,2,2,1,2,4,6,7,0,2,4,2,4,4.3,15
